Recency,Frequency,Monetary,cluster_final
325,1,77183.6,1
1,7,4310.0,0
74,4,1797.24,0
18,1,1757.55,0
309,1,334.40000000000003,1
35,8,2506.04,0
203,1,89.0,1
231,1,1079.4,1
213,1,459.40000000000003,1
22,3,2811.43,0
32,1,6207.67,0
1,2,1168.06,0
57,4,6372.58,0
51,3,2662.06,0
286,1,189.9,1
2,10,5226.2300000000005,0
109,2,552.0,0
7,4,1313.1,0
290,2,641.38,1
3,1,168.9,0
50,4,3545.69,0
44,2,1887.96,0
71,3,1298.04,0
310,1,364.6,1
24,1,742.9300000000001,0
10,2,457.5,0
314,2,1628.1200000000001,1
129,1,4008.62,0
81,2,852.24,0
21,4,2724.81,0
4,5,1845.31,0
184,5,1850.56,1
28,2,585.27,0
337,2,401.9,1
15,6,2780.6600000000003,0
79,1,549.84,0
21,1,460.89,0
71,4,1582.6000000000001,0
63,2,1272.48,0
18,12,3018.63,0
35,2,2409.9,0
45,1,1635.6599999999999,0
118,4,1108.65,0
302,1,84.3,1
322,1,225.60000000000002,1
49,1,427.7,0
148,1,1710.39,1
21,2,3415.3,0
49,5,1708.12,0
32,5,2888.55,0
78,3,11072.67,0
308,2,693.33,1
74,3,1226.88,0
66,3,758.1,0
216,3,562.4100000000001,1
23,21,124914.53,2
2,9,3649.1,0
112,1,668.58,0
63,1,600.39,0
15,4,807.04,0
95,3,803.5600000000001,0
0,8,1859.31,0
162,2,1760.96,1
77,1,777.2,0
194,1,582.73,1
21,3,825.8000000000001,0
25,9,7956.46,0
8,4,3750.4,0
42,1,256.4,0
35,15,6487.45,0
42,5,5059.32,0
0,7,13375.87,0
84,2,806.14,0
79,2,7829.89,0
99,1,509.01,0
1,18,4951.41,0
13,2,2906.85,0
366,1,173.55,1
2,1,172.06,0
20,5,5005.46,0
21,1,133.4,0
57,1,1002.3100000000001,0
242,1,476.49,1
43,1,449.45,0
21,4,4067.29,0
155,2,197.88,1
10,5,9035.52,0
16,2,430.57000000000005,0
133,1,707.09,0
55,1,3528.34,0
72,6,2466.86,0
43,3,3181.04,0
65,7,2363.23,0
70,2,947.4,0
93,2,826.88,0
18,2,1189.59,0
52,4,1344.78,0
9,8,1212.05,0
16,2,742.19,0
187,2,729.54,1
1,30,19824.05,0
31,7,6572.11,0
28,5,3938.55,0
16,18,7375.79,0
53,1,723.38,0
15,11,6816.42,0
22,6,13219.74,0
3,1,680.99,0
10,1,527.2,0
27,4,3281.63,0
22,10,5596.32,0
16,8,2484.98,0
32,6,4541.72,0
9,3,1298.66,0
335,1,334.93,1
4,10,5417.93,0
38,1,460.40000000000003,0
62,2,263.21000000000004,0
165,2,433.74,1
15,7,1246.1,0
81,1,1043.1,0
20,3,403.70000000000005,0
22,11,4257.82,0
336,1,2169.39,1
95,5,3723.87,0
17,2,482.04999999999995,0
232,1,73.5,1
133,3,1304.81,0
25,2,398.27,0
283,1,176.5,1
142,2,982.5699999999999,1
65,2,138.03,0
112,1,612.29,0
266,1,1017.6800000000001,1
352,1,383.7,1
77,2,1312.06,0
27,5,2502.84,0
0,5,2056.89,0
63,1,340.84000000000003,0
78,5,2634.26,0
142,1,599.68,1
38,2,192.72,0
18,11,1789.77,0
8,8,4485.72,0
0,3,1316.66,0
81,3,348.71000000000004,0
8,6,1933.48,0
59,4,1662.28,0
14,1,125.22,0
29,1,349.83000000000004,0
130,1,1089.18,0
91,2,716.35,0
42,3,12601.830000000002,0
28,1,363.95,0
21,4,5568.35,0
19,17,13400.24,0
29,3,981.18,0
35,1,372.7,0
74,2,1000.39,0
46,2,1161.5,0
197,2,207.8,1
165,1,95.19999999999999,1
78,1,964.83,0
357,1,168.0,1
38,2,437.82,0
7,10,3692.28,0
49,2,603.71,0
15,5,11990.960000000001,0
7,1,269.96,0
310,2,561.71,1
4,3,2134.01,0
302,1,238.85,1
7,7,3781.7400000000002,0
260,1,456.90000000000003,1
288,1,145.92000000000002,1
85,1,351.65,0
22,10,9401.28,0
1,32,4124.6900000000005,0
39,2,519.61,0
8,2,1020.4200000000001,0
226,1,160.54000000000002,1
315,1,218.45000000000002,1
35,5,1315.83,0
34,3,657.8,0
20,2,2794.51,0
77,1,440.42,0
246,1,415.7,1
39,1,197.71,0
238,2,511.36,1
2,15,7281.38,0
3,9,2338.15,0
233,2,2040.1,1
16,1,196.94000000000003,0
7,1,144.0,0
38,1,214.89999999999998,0
28,2,646.68,0
210,2,9864.26,1
316,1,452.84999999999997,1
91,2,437.6,0
108,3,418.1,0
37,10,3338.2200000000003,0
50,2,618.27,0
18,4,3811.22,0
9,8,3023.08,0
28,7,1032.58,0
28,10,2599.04,0
189,5,577.0600000000001,1
58,1,153.12,0
21,1,739.1999999999999,0
78,2,254.18,0
59,1,1579.51,0
77,3,1126.85,0
22,5,2099.54,0
51,1,1193.32,0
73,1,704.04,0
56,5,3344.38,0
277,1,315.6,1
1,4,2291.19,0
94,2,713.3,0
28,1,355.53000000000003,0
21,1,177.31,0
15,9,3641.24,0
14,3,1339.41,0
1,20,13689.67,0
231,1,180.1,1
275,1,305.1,1
105,2,641.13,0
211,2,2683.82,1
22,9,6620.4800000000005,0
10,7,4478.53,0
3,3,786.46,0
9,2,1270.88,0
56,1,640.5,0
58,4,2163.98,0
89,2,1689.18,0
66,8,6021.9,0
32,1,671.69,0
238,1,486.1,1
23,3,1174.58,0
114,1,185.9,0
24,3,1013.26,0
127,6,3344.64,0
129,1,477.90999999999997,0
33,4,1775.18,0
4,2,1346.97,0
21,12,3722.82,0
154,1,318.05,1
106,3,623.51,0
2,1,314.44,0
334,1,114.0,1
330,1,919.98,1
148,2,2209.85,1
10,5,601.98,0
16,5,4051.17,0
10,4,1643.18,0
18,1,686.05,0
29,1,91.68,0
10,1,245.10000000000002,0
0,11,3849.78,0
7,9,4881.88,0
324,1,63.0,1
57,1,620.13,0
11,4,3807.15,0
150,3,2744.0299999999997,1
9,5,2996.05,0
329,1,225.9,1
4,2,610.52,0
38,4,1970.6,0
24,6,1331.39,0
41,12,17628.46,0
58,4,1113.02,0
0,4,862.81,0
14,22,13787.54,0
3,31,12288.22,0
3,15,8476.57,0
7,7,2283.63,0
27,6,2863.08,0
371,1,89.14,1
113,1,4873.81,0
25,2,1247.6100000000001,0
205,1,389.01,1
27,6,1035.8,0
126,4,855.91,0
69,2,869.67,0
6,4,582.1,0
28,3,957.59,0
7,4,4939.99,0
79,2,797.71,0
19,1,219.0,0
70,1,283.55,0
6,8,2340.84,0
14,9,6868.29,0
291,1,603.42,1
29,10,2712.91,0
14,15,9736.52,0
96,3,1149.02,0
28,13,4396.13,0
0,1,848.55,0
8,5,4708.86,0
105,1,353.86,0
3,2,1053.49,0
150,2,1030.98,1
70,1,238.25,0
4,2,644.95,0
2,25,5781.7300000000005,0
31,6,2656.13,0
84,4,997.63,0
3,5,725.07,0
4,4,1031.41,0
370,1,427.8,1
27,7,2609.1,0
10,7,3980.7000000000003,0
70,4,836.33,0
113,1,453.01,0
23,12,18895.91,0
179,1,236.26000000000002,1
233,1,383.95,1
352,1,110.39999999999999,1
314,2,779.5699999999999,1
332,1,234.0,1
371,1,155.35,1
77,2,1013.04,0
63,1,427.6,0
133,2,546.43,0
51,7,21279.29,0
1,11,4196.01,0
0,209,33719.73,2
3,5,4090.88,0
128,1,275.88,0
80,1,4366.78,0
22,6,21429.39,0
235,3,3010.74,1
280,2,3811.9500000000003,1
86,1,112.08,0
15,13,7857.1,0
116,2,2791.59,0
51,3,1531.44,0
7,2,1898.52,0
137,2,494.08,0
316,1,1693.88,1
3,7,6989.63,0
238,1,1143.6,1
210,1,1351.45,1
59,1,892.47,0
16,5,1386.04,0
19,6,822.23,0
37,8,3981.36,0
63,2,826.74,0
4,5,2330.92,0
1,6,2225.91,0
8,2,574.42,0
363,1,311.95,1
9,3,463.66,0
64,1,91.85,0
191,1,324.92,1
373,1,192.60000000000002,1
256,1,400.54,1
334,2,545.48,1
52,2,860.41,0
18,1,430.48,0
365,1,254.03,1
9,3,6977.04,0
186,1,427.58,1
36,3,483.65000000000003,0
177,1,489.31,1
260,3,514.85,1
44,1,229.64000000000001,0
101,1,125.92,0
147,2,1063.46,1
95,2,572.2,0
280,1,166.04000000000002,1
261,1,1542.08,1
2,4,942.34,0
213,1,92.72,1
70,2,948.88,0
74,5,1759.5,0
59,1,397.12,0
2,7,1474.72,0
5,3,430.15,0
2,6,1018.71,0
336,2,293.0,1
37,6,6814.64,0
261,1,215.05,1
31,2,383.03000000000003,0
144,1,417.38,1
282,1,312.38,1
58,4,2612.86,0
172,1,134.1,1
33,2,683.13,0
2,14,5591.42,0
143,4,2726.77,0
4,25,4022.35,0
69,2,1118.99,0
65,8,1702.26,0
28,2,325.96000000000004,0
266,4,354.09000000000003,1
21,1,871.54,0
30,2,1050.89,0
96,1,135.18,0
294,1,311.55,1
134,6,1957.1000000000001,0
78,3,1324.5,0
372,1,38.1,1
7,6,2179.93,0
210,2,1106.4,1
51,1,521.2,0
137,1,147.12,1
25,2,1568.23,0
282,1,559.12,1
25,7,4036.82,0
185,6,1607.0600000000002,1
83,2,380.64,0
326,2,599.97,1
281,1,374.0,1
142,2,343.2300000000001,1
57,2,2218.02,0
3,12,1535.77,0
235,2,854.99,1
44,3,573.22,0
275,1,298.0,1
8,2,1463.04,0
24,4,703.47,0
87,1,309.05,0
62,3,1175.22,0
67,2,1378.4,0
213,2,354.12,1
23,1,380.46999999999997,0
185,3,331.0,1
30,1,188.14,0
41,2,372.8,0
204,2,216.5,1
8,28,17654.54,0
264,1,138.68,1
17,2,509.58,0
11,5,2919.81,0
175,2,750.0,1
39,5,2178.67,0
22,8,3075.04,0
2,5,1662.3,0
4,5,2483.63,0
148,2,363.65,1
138,4,3006.15,0
127,1,594.0,0
7,6,1335.19,0
16,1,164.23,0
8,37,16587.09,0
160,1,405.38,1
63,1,176.97,0
87,4,933.7,0
4,2,694.05,0
34,5,2062.7,0
311,1,117.85,1
77,2,415.8,0
21,15,42055.96,0
23,3,607.53,0
1,7,2160.7,0
16,4,1063.9,0
14,4,1504.27,0
25,1,114.14,0
63,8,11581.8,0
54,2,913.54,0
130,3,683.9,0
35,2,604.51,0
287,1,462.95,1
143,6,1603.99,0
15,7,2064.95,0
30,8,4167.22,0
1,3,1843.0,0
8,6,1064.07,0
5,4,1387.79,0
9,1,329.85,0
0,11,4757.16,0
305,1,108.07,1
9,8,4017.54,0
6,2,266.39,0
7,8,1856.63,0
88,1,771.91,0
9,1,160.18,0
357,2,1660.9,1
111,1,135.95,0
6,4,452.24,0
3,86,11189.91,0
197,1,144.8,1
211,1,738.6,1
155,1,39.239999999999995,1
157,9,7374.900000000001,0
29,2,372.21999999999997,0
242,1,390.54,1
18,1,97.5,0
0,2,1239.38,0
73,2,558.7,0
291,1,535.32,1
2,15,6924.11,0
30,3,409.5,0
22,2,503.76,0
22,4,414.76,0
3,3,974.42,0
84,1,211.32,0
21,4,1226.89,0
195,3,455.88,1
106,3,534.85,0
3,13,9818.82,0
317,1,120.95,1
105,3,149.05,0
11,18,5655.91,0
173,2,513.7,1
55,1,81.57,0
322,1,229.47,1
371,1,50.550000000000004,1
8,8,1661.8400000000001,0
0,13,4810.9400000000005,0
10,10,3466.28,0
52,5,3346.28,0
72,3,789.89,0
6,1,204.0,0
15,28,7277.7,0
3,9,2616.38,0
63,2,689.9,0
0,5,975.36,0
113,6,6912.0,0
22,2,661.3199999999999,0
30,3,1247.5,0
10,2,799.48,0
51,2,1010.1800000000001,0
356,1,190.55,1
54,2,642.77,0
73,2,921.88,0
137,3,881.07,0
79,3,908.46,0
8,2,676.99,0
272,1,516.42,1
290,1,560.47,1
98,1,305.28000000000003,0
30,2,629.31,0
31,10,3237.54,0
13,4,1835.91,0
63,2,656.6800000000001,0
14,17,5836.86,0
211,1,348.15000000000003,1
77,3,1214.41,0
24,3,271.40000000000003,0
249,1,183.4,1
253,1,307.53000000000003,1
71,1,248.61,0
190,1,346.98,1
12,4,1119.49,0
372,1,205.86,1
23,2,470.8,0
81,1,115.46000000000001,0
9,2,344.0,0
0,24,4436.12,0
191,1,228.8,1
266,1,177.15,1
129,1,919.61,0
0,4,729.27,0
2,26,12627.94,0
3,5,220.10000000000002,0
178,1,58.08,1
11,11,28337.38,0
125,9,3613.63,0
3,2,303.75,0
157,2,416.08,1
2,97,58825.83,2
8,14,8910.82,0
27,1,345.82,0
70,5,477.83,0
275,8,7832.47,1
20,12,1927.3200000000002,0
70,1,74.39999999999999,0
32,10,6010.42,0
0,28,28882.44,0
98,1,207.36,0
233,1,101.19,1
0,24,6424.09,0
39,1,243.94,0
2,6,1098.48,0
132,1,76.5,0
43,4,1531.6200000000001,0
372,1,350.06,1
59,2,786.54,0
30,7,1488.67,0
0,24,12245.960000000001,0
11,4,2294.78,0
137,1,501.14,1
21,8,984.91,0
19,5,1197.81,0
238,1,30.6,1
268,1,283.73,1
93,2,922.39,0
89,3,3866.33,0
4,8,2099.64,0
77,1,259.17,0
93,1,64.0,0
22,3,1073.3,0
261,1,77.3,1
273,2,109.8,1
85,4,1793.58,0
196,1,3096.0,1
55,5,2607.61,0
10,8,3650.41,0
21,6,962.39,0
15,7,5064.9400000000005,0
107,3,423.72,0
84,5,2388.75,0
18,1,307.09000000000003,0
332,1,110.95,1
39,4,618.52,0
25,1,228.91,0
9,4,712.8,0
28,12,3707.12,0
13,4,1676.06,0
295,1,1257.8700000000001,1
5,1,486.22,0
32,4,971.76,0
48,4,1741.22,0
94,4,1201.06,0
8,4,1437.85,0
21,1,91.8,0
312,1,112.75,1
121,4,1688.29,0
45,2,1021.48,0
282,1,417.2,1
18,4,791.33,0
35,4,1319.19,0
63,2,712.88,0
26,1,116.00999999999999,0
21,3,468.41,0
3,2,353.65000000000003,0
15,3,2817.03,0
45,1,492.84,0
64,1,282.45,0
25,11,5725.47,0
44,1,121.18,0
7,9,3957.78,0
14,10,1701.29,0
267,1,71.4,1
39,3,1575.89,0
336,1,236.02,1
10,1,114.6,0
18,2,260.68,0
94,2,911.94,0
60,1,117.88,0
135,1,60.7,0
10,4,1797.78,0
9,6,3401.2400000000002,0
3,38,9817.12,0
18,4,870.09,0
9,4,869.46,0
14,2,250.26000000000002,0
58,6,1223.9,0
29,8,5891.61,0
93,1,353.48,0
9,3,1197.42,0
19,3,788.08,0
56,5,1520.58,0
267,1,333.74,1
121,3,533.98,0
126,1,62.64,0
77,4,819.2900000000001,0
239,2,847.41,1
199,2,163.2,1
59,2,2155.95,0
2,7,6463.84,0
272,1,108.21000000000001,1
201,1,257.7,1
80,1,358.0,0
225,1,160.95,1
3,14,2806.97,0
12,7,1357.6,0
73,2,605.12,0
211,1,1031.07,1
24,2,744.85,0
16,4,700.73,0
261,1,329.56,1
95,4,663.65,0
111,3,270.40000000000003,0
202,1,600.07,1
92,1,121.74000000000001,0
50,1,430.5,0
17,6,1987.3,0
17,4,501.12,0
124,2,465.68,0
91,3,711.41,0
156,2,1030.4,1
8,2,399.51,0
11,3,698.5799999999999,0
61,1,292.32,0
60,1,557.62,0
268,2,944.1,1
262,1,200.29,1
0,35,7454.07,0
52,5,2107.66,0
10,12,3834.2599999999998,0
2,19,4521.49,0
17,11,3214.69,0
0,15,5346.2300000000005,0
365,1,590.0,1
36,1,217.38,0
30,2,276.56,0
112,1,138.98,0
63,2,590.9300000000001,0
15,4,258.4,0
40,1,542.73,0
77,1,137.75,0
121,3,814.86,0
17,3,1132.14,0
59,2,93.66,0
330,1,201.19,1
22,4,2709.12,0
155,1,361.11,1
38,2,578.94,0
189,2,873.74,1
359,1,201.20000000000002,1
136,1,87.4,1
7,4,2089.85,0
0,1,360.0,0
267,1,142.5,1
168,1,371.89,1
103,4,618.09,0
154,1,63.75,1
350,1,300.42,1
3,10,2000.86,0
119,1,15.0,0
22,3,1385.51,0
6,5,1456.79,0
27,3,1132.03,0
3,2,598.57,0
21,5,1555.3200000000002,0
1,3,775.94,0
36,4,5977.73,0
65,6,2273.68,0
0,3,640.76,0
4,26,10845.550000000001,0
77,4,1548.7,0
71,2,567.36,0
16,1,199.48000000000002,0
2,5,787.85,0
35,10,7121.95,0
81,1,675.3,0
38,8,3627.77,0
315,1,1308.48,1
31,2,789.0,0
92,3,1140.93,0
13,1,350.90000000000003,0
81,3,3536.82,0
76,1,795.12,0
157,1,487.02,1
200,1,860.12,1
44,7,10736.48,0
260,1,775.85,1
177,1,353.43,1
67,3,2543.7200000000003,0
287,1,389.5,1
69,1,341.36,0
63,1,233.76000000000002,0
10,1,247.32,0
15,2,979.12,0
65,1,373.94,0
59,1,397.98,0
70,1,743.53,0
121,1,674.7,0
79,1,768.24,0
256,1,609.95,1
268,1,439.03000000000003,1
63,1,439.56,0
8,4,3090.7400000000002,0
17,2,992.5,0
70,1,134.96,0
33,2,2225.37,0
49,1,56.16,0
256,2,623.4,1
365,1,308.28000000000003,1
371,1,754.87,1
89,1,378.64,0
60,3,3312.25,0
88,1,778.65,0
98,3,1019.76,0
25,3,572.56,0
31,6,3639.31,0
280,1,222.99,1
30,7,4151.93,0
329,1,534.57,1
130,2,677.1,0
10,3,797.96,0
74,1,544.08,0
203,1,59.8,1
1,8,2520.02,0
184,1,307.72,1
28,2,1360.99,0
72,5,1544.13,0
191,1,457.34000000000003,1
126,2,621.23,0
17,1,75.0,0
0,2,252.49,0
73,3,572.451,0
1,62,28117.04,0
23,5,1003.06,0
106,1,213.55,0
133,3,1390.5,0
43,2,712.5,0
4,2,640.83,0
11,18,6127.43,0
63,1,221.06,0
149,2,159.85,1
39,2,1851.08,0
63,1,2626.3,0
107,3,1624.21,0
0,10,3641.32,0
18,3,582.6,0
9,1,218.47,0
10,4,1006.8,0
18,2,679.45,0
66,2,1269.1,0
73,2,534.24,0
4,7,3809.89,0
1,1,196.89,0
13,7,3408.06,0
254,1,283.71,1
91,1,296.64,0
22,3,1129.14,0
16,6,3539.3700000000003,0
23,1,291.88,0
26,6,2043.72,0
25,5,2976.15,0
258,2,590.0,1
165,2,356.98,1
24,2,1058.34,0
17,6,1766.72,0
6,14,9646.57,0
28,2,183.44,0
38,3,1445.0,0
252,1,151.5,1
57,1,674.68,0
183,1,307.90000000000003,1
10,2,1083.71,0
1,37,5704.97,0
98,2,165.0,0
0,4,2531.58,0
60,2,422.64,0
235,1,229.59,1
190,4,1431.78,1
178,2,1238.47,1
37,6,1454.58,0
200,2,300.95,1
45,5,1804.56,0
231,1,184.64000000000001,1
65,1,140.34,0
240,1,313.8,1
232,1,454.24,1
77,3,1122.41,0
57,3,575.4,0
16,13,8968.31,0
104,4,449.52,0
51,10,1215.82,0
135,3,1269.84,0
274,2,618.63,1
311,1,316.26000000000005,1
7,5,2044.8700000000001,0
10,2,653.33,0
282,2,348.05,1
17,5,1159.1100000000001,0
22,3,1166.77,0
287,1,1340.32,1
16,3,292.0,0
70,1,216.85,0
63,1,295.93,0
72,4,4393.63,0
315,2,458.52,1
2,4,2479.16,0
243,1,110.97,1
8,7,979.72,0
0,4,1791.56,0
260,1,251.21,1
126,1,205.1,0
73,1,152.20000000000002,0
72,4,891.12,0
20,3,1389.41,0
59,3,2128.42,0
85,1,659.44,0
77,1,122.75,0
58,6,3624.35,0
0,3,1093.65,0
29,1,125.80000000000001,0
32,5,3964.88,0
40,5,680.1800000000001,0
14,2,628.78,0
33,7,2287.51,0
78,2,307.76,0
204,2,483.8,1
33,1,210.31,0
182,3,270.79,1
1,25,5870.08,0
0,7,3448.29,0
42,7,1280.85,0
85,3,631.34,0
39,2,291.41,0
11,3,626.99,0
95,2,682.41,0
25,7,918.2,0
318,1,91.80000000000001,1
65,12,3740.07,0
73,4,4149.28,0
27,2,584.0600000000001,0
5,4,605.06,0
6,1,174.37,0
215,1,141.85999999999999,1
81,3,1799.3300000000002,0
83,2,777.53,0
143,3,1749.02,1
18,2,240.22,0
40,2,874.71,0
172,1,192.85,1
16,2,373.75,0
242,1,239.49,1
12,12,2092.32,0
205,1,1384.25,1
49,2,294.40000000000003,0
22,5,732.07,0
9,18,6717.34,0
24,4,1687.6000000000001,0
14,2,467.04,0
308,1,118.0,1
155,1,781.03,1
306,1,142.4,1
63,1,712.4,0
15,9,2478.95,0
14,2,379.65,0
10,6,1981.92,0
64,3,1117.13,0
35,4,247.95999999999998,0
107,5,2037.0800000000002,0
52,1,396.97,0
5,2,697.04,0
46,1,180.17000000000002,0
0,21,5153.67,0
311,1,219.52,1
44,2,693.32,0
64,1,428.89,0
25,1,164.34,0
28,3,280.54,0
39,1,678.01,0
11,7,1131.88,0
88,3,1171.8,0
23,4,1610.46,0
318,1,417.69,1
39,3,544.18,0
173,1,177.34,1
116,1,213.85,0
30,5,747.78,0
252,1,257.23,1
58,5,1638.47,0
22,11,7792.36,0
4,7,2031.78,0
99,11,3070.42,0
24,5,2121.27,0
32,5,1575.16,0
67,1,1071.03,0
36,5,949.12,0
51,3,810.5,0
15,1,122.64,0
73,1,1033.34,0
215,1,354.8,1
30,3,519.44,0
15,4,2624.26,0
119,1,252.1,0
9,4,1678.1200000000001,0
256,2,346.6,1
16,6,1836.3400000000001,0
34,2,94.2,0
45,3,1095.08,0
42,6,2707.33,0
113,2,932.97,0
164,2,379.65,1
10,2,382.14,0
9,5,2639.17,0
205,2,1573.2,1
85,3,897.76,0
178,1,189.47,1
59,3,84.65,0
148,1,305.02,1
2,21,6363.59,0
50,2,218.55,0
74,1,349.7,0
300,2,186.39000000000001,1
18,2,396.92,0
150,2,486.82000000000005,1
151,1,232.6,1
0,4,3722.42,0
17,4,827.83,0
186,1,59.5,1
285,1,67.23,1
2,7,3119.44,0
182,1,72.0,1
62,1,910.0,0
58,1,172.25,0
24,3,1488.32,0
3,50,65039.62,2
30,15,2504.13,0
38,1,151.3,0
154,1,308.58000000000004,1
25,10,2265.12,0
317,1,99.5,1
4,9,2308.06,0
7,3,711.86,0
302,1,330.79,1
266,2,806.41,1
270,1,296.88,1
3,13,6328.05,0
31,1,180.48,0
218,2,252.06,1
246,1,228.84,1
280,5,1079.34,1
268,1,138.28,1
31,6,1445.01,0
245,2,306.55,1
14,5,1041.68,0
116,4,799.9,0
35,1,524.14,0
131,3,2375.41,0
216,1,199.85000000000002,1
49,8,1980.56,0
38,2,1079.66,0
28,2,333.48,0
36,6,1016.14,0
135,2,752.6,0
218,2,610.59,1
27,1,491.86,0
24,4,2885.2400000000002,0
4,2,731.9,0
199,1,339.6,1
17,1,216.9,0
240,1,350.75,1
71,3,668.4300000000001,0
16,12,3131.02,0
2,7,1341.6,0
94,2,1156.36,0
161,1,300.04,1
373,1,79.6,1
95,5,948.25,0
53,5,1647.26,0
287,1,296.25,1
123,6,1186.28,0
287,1,741.26,1
151,2,282.6,1
3,9,2161.35,0
1,14,5189.52,0
11,7,3190.55,0
32,2,659.4100000000001,0
53,2,286.79,0
49,2,1070.65,0
218,1,306.72,1
62,1,1714.96,0
70,3,1521.76,0
1,37,17220.36,0
1,10,2796.51,0
63,4,2634.45,0
33,3,1132.13,0
81,1,345.0,0
0,33,25977.16,0
102,1,178.7,0
6,2,360.01,0
250,1,127.84,1
12,6,912.0,0
9,11,2462.79,0
366,1,230.4,1
75,2,309.04,0
3,1,348.79999999999995,0
127,2,1516.0,0
65,2,195.55,0
0,57,37153.85,0
116,2,688.86,0
309,1,558.32,1
66,1,324.8,0
138,3,4599.42,0
254,1,277.07,1
30,7,2635.79,0
51,2,924.5999999999999,0
63,1,256.38,0
366,1,112.6,1
5,5,1747.66,0
304,1,155.05,1
28,3,1499.01,0
183,3,814.5,1
41,3,539.0,0
39,4,1366.8600000000001,0
91,2,1579.12,0
21,4,4027.36,0
23,2,571.6700000000001,0
28,2,382.98,0
301,3,1140.35,1
144,2,385.64,1
5,2,632.0,0
18,2,957.66,0
32,5,1698.94,0
175,1,189.5,1
57,3,412.05,0
21,1,209.49,0
15,6,2202.99,0
18,1,52.2,0
158,1,384.8,1
24,4,834.57,0
211,2,271.24,1
5,4,691.73,0
252,1,85.0,1
58,9,3385.62,0
10,1,361.62,0
64,1,312.98,0
24,3,865.0600000000001,0
91,3,1255.0,0
51,2,1537.95,0
128,1,1595.48,0
95,3,2651.46,0
56,1,1090.1399999999999,0
8,25,8109.5199999999995,0
168,3,388.5,1
56,1,216.17000000000002,0
325,1,201.16,1
0,5,1245.9,0
17,8,2209.36,0
247,1,305.78,1
57,4,501.56,0
73,1,145.67,0
30,3,1015.29,0
6,2,3192.54,0
122,4,3104.9500000000003,0
1,8,2770.94,0
22,13,6403.25,0
119,3,389.6,0
357,1,540.45,1
53,5,1786.79,0
63,1,122.7,0
85,1,117.24,0
54,1,1281.53,0
20,13,3219.77,0
3,20,17159.52,0
2,5,1191.13,0
10,5,2674.48,0
6,5,787.6,0
188,2,506.8,1
70,1,243.56,0
203,1,349.55,1
119,2,605.63,0
92,1,416.90000000000003,0
0,10,1883.81,0
26,4,632.97,0
297,1,821.1,1
23,3,564.62,0
27,4,2593.07,0
49,1,311.16,0
325,1,155.93,1
15,2,388.52,0
182,3,740.95,1
71,5,2867.2000000000003,0
36,2,332.64,0
79,4,2369.55,0
56,9,2580.91,0
11,2,626.45,0
49,2,272.04,0
49,2,1212.8400000000001,0
58,2,384.81,0
351,1,172.25,1
53,1,351.13,0
1,6,1838.8500000000001,0
92,4,678.25,0
22,1,223.85000000000002,0
74,1,348.99,0
10,4,464.57,0
168,2,842.65,1
57,2,337.34,0
95,2,1237.53,0
294,1,307.4,1
108,2,608.79,0
263,1,922.1,1
179,1,376.58,1
168,1,158.85,1
34,1,71.66,0
22,3,568.55,0
16,4,839.14,0
21,5,5112.96,0
78,3,561.57,0
64,1,90.60000000000001,0
360,1,102.0,1
2,6,2427.32,0
10,4,745.0600000000001,0
175,3,674.45,1
217,2,3251.071,1
6,7,3515.68,0
1,2,439.92,0
153,2,322.96,1
4,5,1026.42,0
78,3,598.2,0
20,2,230.22,0
21,2,169.54999999999998,0
307,4,664.54,1
145,1,80.7,1
6,18,9053.94,0
18,8,2758.26,0
70,2,190.25,0
286,1,264.7,1
48,1,413.59000000000003,0
30,6,2526.28,0
206,1,357.98,1
14,2,196.79,0
72,1,869.87,0
59,1,200.14,0
38,4,1871.81,0
29,12,2603.43,0
26,5,920.51,0
3,15,7060.13,0
16,1,320.46,0
19,6,4147.96,0
65,2,1266.08,0
212,1,311.3,1
11,6,855.97,0
29,1,76.8,0
42,9,3466.36,0
3,6,2313.14,0
14,5,1393.69,0
9,12,3901.81,0
210,1,635.66,1
45,3,2043.0800000000002,0
133,2,529.73,0
42,7,4582.64,0
9,5,2874.72,0
115,3,962.19,0
197,2,695.61,1
277,1,328.8,1
109,3,473.02,0
76,1,505.18,0
52,1,917.34,0
161,4,4341.21,1
46,3,1421.6100000000001,0
16,2,642.8,0
154,3,631.9,1
224,1,440.0,1
6,2,584.07,0
121,2,327.7,0
60,1,104.82,0
62,2,467.66,0
17,8,2360.09,0
6,19,17286.86,0
1,11,2975.59,0
21,3,651.8199999999999,0
28,5,1428.02,0
284,1,626.65,1
175,2,147.20000000000002,1
77,3,1560.38,0
32,1,152.2,0
40,12,3614.92,0
265,1,141.41,1
26,4,652.82,0
108,4,1659.75,0
283,1,154.99,1
8,5,1308.6100000000001,0
304,1,409.93,1
16,4,5681.72,0
31,2,746.36,0
0,23,15610.390000000001,0
19,1,225.35999999999999,0
123,2,260.25,0
64,1,92.46000000000001,0
105,1,725.6400000000001,0
0,23,8214.65,0
23,17,6217.96,0
266,1,183.6,1
4,19,6140.42,0
9,12,10464.85,0
28,5,1353.74,0
266,1,152.55,1
63,2,374.7,0
319,1,265.85,1
3,8,1438.82,0
31,1,151.04,0
4,3,942.26,0
128,1,122.47,0
40,5,499.42,0
101,6,1049.37,0
124,1,375.1,0
32,1,45.599999999999994,0
301,2,934.52,1
364,1,182.25,1
3,9,1018.43,0
1,18,4448.54,0
2,1,194.42,0
9,13,50491.81,0
56,1,161.0,0
324,1,76.32000000000001,1
7,14,4076.9100000000003,0
11,1,442.85,0
3,17,65164.79,0
36,1,147.35,0
15,11,3104.17,0
137,1,194.9,1
73,6,5976.79,0
4,5,1360.28,0
154,2,216.21,1
238,1,1266.23,1
51,7,2703.23,0
30,2,597.91,0
72,1,144.2,0
3,12,5683.15,0
13,4,692.85,0
22,7,2915.15,0
3,4,1840.42,0
273,2,386.53,1
19,5,1382.74,0
143,1,90.0,1
3,4,2780.15,0
83,1,419.58,0
10,3,2740.43,0
7,3,706.1300000000001,0
122,3,709.71,0
60,2,637.5,0
1,5,1123.8600000000001,0
318,1,483.86,1
1,11,3586.03,0
129,3,605.64,0
1,15,4690.31,0
1,2,982.38,0
45,1,415.82,0
3,2,935.05,0
2,4,915.13,0
372,1,311.81,1
133,1,115.8,0
46,4,3742.2,0
8,5,4191.0,0
77,2,483.4,0
233,1,157.2,1
220,1,446.62,1
35,2,658.64,0
74,2,621.29,0
238,2,1345.62,1
265,1,118.75,1
9,55,117379.63,2
19,2,432.88,0
39,1,507.65999999999997,0
19,11,4693.01,0
215,3,1110.52,1
173,2,289.36,1
86,4,2445.91,0
70,2,1631.77,0
275,1,122.53999999999999,1
38,4,574.84,0
97,1,363.79,0
10,4,450.84,0
32,1,134.46,0
59,3,3222.3,0
296,4,576.9000000000001,1
85,4,559.41,0
8,7,1620.93,0
40,2,719.78,0
10,25,4748.52,0
66,1,452.89,0
330,1,197.65,1
30,6,2054.36,0
1,15,4654.08,0
1,13,4684.76,0
67,2,853.39,0
4,21,11349.52,0
201,2,1012.0,1
106,1,335.52,0
17,4,701.4,0
217,1,185.39999999999998,1
59,7,747.44,0
1,1,161.03,0
16,2,466.7,0
238,1,328.15999999999997,1
94,1,151.74,0
10,6,2073.43,0
105,6,1905.8400000000001,0
52,9,2241.1,0
89,1,1070.48,0
30,5,1004.38,0
11,6,1789.72,0
2,4,1839.3,0
1,17,2004.98,0
42,1,169.48000000000002,0
3,1,89.94,0
246,2,632.4000000000001,1
41,9,3432.8,0
176,1,683.17,1
91,3,991.13,0
109,4,1050.1200000000001,0
28,5,2232.19,0
25,10,3350.96,0
51,3,1547.2,0
183,3,925.71,1
42,5,2048.07,0
48,4,1462.72,0
21,4,775.46,0
74,5,3144.86,0
80,2,490.86,0
372,1,161.0,1
325,1,146.85,1
42,11,2380.85,0
29,2,890.34,0
183,1,213.70000000000002,1
234,2,280.55,1
8,10,2588.77,0
219,2,1693.45,1
110,3,1474.06,0
277,1,136.77,1
317,1,302.58,1
6,3,1904.05,0
1,5,2879.7000000000003,0
259,2,969.0600000000001,1
63,5,3099.7200000000003,0
8,9,12669.98,0
141,1,120.0,1
50,2,1163.45,0
7,8,2618.23,0
154,2,333.97,1
108,2,530.18,0
162,3,1516.24,1
331,1,492.65000000000003,1
225,1,112.32000000000001,1
73,2,437.96,0
50,4,559.97,0
98,3,1119.74,0
14,3,4216.2,0
196,1,134.04,1
2,15,3729.34,0
30,2,595.25,0
20,4,1910.01,0
23,3,4628.75,0
7,3,176.63,0
212,1,426.6,1
8,6,911.26,0
10,5,2314.65,0
1,11,3883.25,0
7,9,4871.93,0
2,4,1046.56,0
39,1,166.20000000000002,0
17,4,1305.33,0
7,44,51527.3,0
7,9,3965.62,0
18,1,43.2,0
116,1,640.14,0
222,1,383.45,1
70,3,1858.96,0
50,2,2093.32,0
88,6,2995.7200000000003,0
7,9,2352.53,0
242,1,310.26,1
46,6,1611.5900000000001,0
106,1,120.0,0
44,6,2481.13,0
64,1,508.58,0
206,2,477.79,1
10,5,1530.75,0
114,2,605.0600000000001,0
241,1,183.85,1
162,1,311.65000000000003,1
16,7,5014.84,0
123,2,462.66,0
22,3,866.3100000000001,0
67,1,415.2,0
16,8,2552.21,0
15,2,468.26,0
16,4,1614.91,0
160,2,588.22,1
242,1,309.52000000000004,1
218,1,134.7,1
44,8,2182.28,0
20,4,668.5600000000001,0
126,8,889.9300000000001,0
38,1,108.98,0
120,2,1021.58,0
259,1,409.57,1
9,1,133.5,0
273,1,282.93,1
164,1,51.0,1
156,4,1078.96,1
214,1,90.6,1
5,2,163.62,0
365,1,174.4,1
79,2,701.23,0
42,1,225.77,0
18,3,912.1800000000001,0
31,4,2128.23,0
21,1,161.2,0
108,8,3717.35,0
7,16,9261.52,0
319,1,155.0,1
294,1,100.5,1
357,1,76.55,1
184,1,257.68,1
190,2,617.05,1
43,2,348.1,0
51,1,202.68,0
25,1,626.07,0
37,3,1247.69,0
8,3,202.10999999999999,0
296,1,142.4,1
32,3,1770.56,0
9,8,3212.84,0
64,2,1043.46,0
9,9,4652.82,0
217,1,67.95,1
1,9,3507.71,0
64,2,487.99,0
2,19,2612.96,0
148,1,574.7,1
3,13,4051.48,0
129,4,1475.81,0
33,6,1474.32,0
118,1,156.75,0
106,6,2157.73,0
10,7,2606.53,0
70,6,2059.4500000000003,0
91,9,1105.07,0
310,1,1063.0,1
42,2,770.03,0
361,1,122.7,1
91,7,1496.98,0
0,13,5900.28,0
21,2,490.22,0
3,3,1937.25,0
10,6,1058.06,0
98,1,387.52,0
56,2,813.11,0
0,6,4263.64,0
217,1,265.2,1
17,1,322.08,0
23,10,4481.67,0
49,2,363.34000000000003,0
6,5,1244.83,0
302,1,470.36,1
9,6,2255.51,0
21,6,1372.8,0
98,1,89.06,0
365,1,63.0,1
305,1,131.9,1
319,1,2661.24,1
7,5,2357.68,0
0,4,1712.89,0
204,2,1589.82,1
53,4,1420.2,0
0,4,1039.58,0
18,5,1163.23,0
8,2,375.35,0
18,4,907.1,0
180,3,483.25,1
59,2,662.59,0
10,2,264.44,0
189,1,119.93,1
4,9,3062.4,0
310,1,113.64,1
154,1,1837.92,1
109,3,434.34,0
147,3,2103.06,1
65,11,2004.02,0
97,3,529.62,0
246,3,1058.6200000000001,1
28,7,2272.4,0
17,4,598.76,0
11,2,461.19,0
103,8,1936.84,0
73,2,234.34,0
45,1,547.66,0
71,3,925.85,0
256,1,215.7,1
19,4,1309.6,0
253,2,316.25,1
10,1,279.05,0
164,2,636.51,1
17,6,2068.15,0
281,1,137.1,1
49,1,321.92,0
38,1,165.75,0
26,6,1196.33,0
67,1,1064.28,0
206,1,463.38,1
174,2,340.93,1
6,5,2383.2400000000002,0
25,1,139.56,0
50,2,123.80000000000001,0
311,2,538.8100000000001,1
308,1,475.37,1
42,5,1957.32,0
25,3,815.32,0
87,3,356.85,0
183,2,251.21,1
19,11,2470.67,0
2,6,3543.26,0
46,4,673.26,0
16,8,5905.64,0
16,5,2012.17,0
23,6,1383.18,0
21,2,276.42,0
10,5,1314.81,0
187,2,275.28,1
100,3,455.59000000000003,0
60,3,1055.35,0
17,6,2102.09,0
32,2,330.45,0
63,1,174.37,0
1,2,270.6,0
23,4,974.54,0
107,1,241.09,0
31,9,1867.68,0
19,9,4332.2,0
2,55,8508.82,0
36,1,364.21999999999997,0
59,3,620.04,0
25,6,2925.91,0
235,4,932.85,1
24,7,1949.72,0
2,18,4447.05,0
59,3,2864.19,0
259,1,171.8,1
57,1,355.56,0
64,2,388.25,0
15,2,537.48,0
9,3,996.26,0
58,8,1461.65,0
185,1,103.25,1
28,16,3630.33,0
23,2,2024.45,0
4,5,2578.09,0
3,8,4007.54,0
150,2,652.8,1
310,1,289.24,1
10,2,765.62,0
17,2,186.23,0
151,1,165.07,1
18,5,859.27,0
9,4,2381.04,0
56,2,324.14,0
84,1,788.38,0
6,22,2237.77,0
75,3,1080.76,0
3,18,5074.77,0
95,4,3099.12,0
110,1,1432.0,0
56,2,1530.3600000000001,0
0,1,227.39,0
280,2,218.06,1
2,7,2832.84,0
179,9,1653.42,1
371,1,35.400000000000006,1
12,4,859.71,0
2,1,168.63,0
16,1,138.6,0
40,1,114.11,0
5,5,1052.55,0
168,4,1042.26,1
49,1,157.05,0
276,1,237.35999999999999,1
18,9,1601.14,0
371,1,39.75,1
14,4,1447.14,0
34,3,570.46,0
21,3,617.99,0
6,2,379.83,0
19,6,1740.6000000000001,0
10,2,883.15,0
43,1,221.97,0
305,1,393.33000000000004,1
10,1,213.96,0
274,1,660.0,1
0,93,12156.65,0
15,14,16569.5,0
3,4,1785.15,0
71,4,601.56,0
242,3,406.08000000000004,1
8,3,553.44,0
245,1,394.44,1
205,2,412.78000000000003,1
0,5,1788.3600000000001,0
184,1,320.58000000000004,1
31,5,889.25,0
56,2,225.85,0
195,2,899.63,1
23,4,2791.27,0
90,2,671.96,0
3,2,959.01,0
50,3,1006.98,0
262,1,114.56,1
265,1,344.90000000000003,1
35,2,609.85,0
50,1,443.6,0
51,6,2984.4900000000002,0
23,6,2125.08,0
21,1,110.46000000000001,0
58,1,96.12,0
169,2,693.8100000000001,1
67,2,830.76,0
156,2,597.09,1
1,73,280206.02,2
200,1,243.22,1
4,4,1417.29,0
66,2,654.6,0
76,1,114.18,0
0,7,1947.55,0
7,4,1932.23,0
168,2,291.05,1
17,4,848.22,0
4,2,247.15,0
8,9,2529.93,0
86,2,285.74,0
26,1,107.95,0
28,4,771.17,0
19,2,637.89,0
60,5,1835.7,0
23,1,195.25,0
10,25,9241.2,0
241,3,1269.99,1
279,2,411.53,1
234,2,765.5500000000001,1
2,5,1736.4,0
15,1,604.75,0
30,6,2548.2400000000002,0
24,16,28754.11,0
70,3,498.95,0
187,2,52.0,1
25,5,1236.28,0
106,1,628.38,0
7,21,5630.87,0
208,1,112.80000000000001,1
43,2,371.7,0
30,5,2114.33,0
136,4,591.55,0
264,1,172.9,1
3,7,2078.95,0
217,2,188.61,1
1,5,1250.76,0
213,1,109.13000000000001,1
31,3,2235.3,0
10,9,2549.37,0
0,17,3292.14,0
14,1,318.17,0
10,9,1546.91,0
198,1,179.0,1
2,3,1126.3700000000001,0
14,13,4921.04,0
13,4,606.13,0
9,11,2868.8,0
28,3,917.07,0
8,11,2666.36,0
23,1,160.19,0
24,4,867.38,0
42,2,329.68,0
1,5,1602.13,0
5,3,663.81,0
146,1,187.92,1
9,6,1158.3,0
24,1,718.08,0
273,1,268.58,1
373,1,313.49,1
0,8,2005.06,0
46,3,380.02,0
7,8,2702.4900000000002,0
15,12,9585.91,0
3,32,6065.6900000000005,0
3,3,1164.55,0
42,7,1314.45,0
3,7,3902.28,0
196,3,1448.21,1
11,6,1400.3400000000001,0
15,7,1099.98,0
112,5,1220.26,0
248,1,328.2,1
28,5,1415.75,0
43,1,389.64000000000004,0
86,1,563.15,0
44,2,638.05,0
9,11,5010.28,0
14,1,738.96,0
74,1,420.5,0
144,4,1484.06,0
4,3,1625.97,0
296,1,89.2,1
58,2,255.9,0
263,1,300.52,1
46,1,278.3,0
28,3,254.11,0
7,6,2473.37,0
16,2,192.60000000000002,0
2,8,10674.75,0
231,2,876.4200000000001,1
111,1,139.26,0
57,3,1011.9,0
50,11,2538.2999999999997,0
126,2,730.86,0
280,3,386.15,1
54,2,447.68,0
319,1,200.10000000000002,1
25,2,289.99,0
9,2,77.4,0
6,2,679.44,0
28,1,197.64,0
16,4,745.06,0
63,1,6.2,0
20,1,228.99,0
2,7,1319.91,0
165,1,131.45000000000002,1
0,17,8022.49,0
52,3,173.74,0
50,1,157.7,0
47,12,4339.74,0
60,1,193.14,0
161,3,845.5500000000001,1
8,1,353.27,0
14,4,554.65,0
74,1,193.39000000000001,0
39,8,2741.17,0
40,11,2087.88,0
369,2,155.43,1
36,2,778.5,0
196,1,271.85,1
199,2,1110.34,1
73,3,657.8,0
63,2,272.07,0
20,4,507.29,0
366,1,48.800000000000004,1
179,3,321.43,1
9,4,1127.71,0
3,12,2226.9100000000003,0
196,3,2139.76,1
28,4,697.55,0
52,1,197.13,0
17,6,1720.3,0
9,3,102.45,0
89,4,1649.5,0
267,1,62.85,1
52,6,3295.76,0
43,4,2824.69,0
63,4,3189.81,0
148,1,309.40000000000003,1
21,25,7930.54,0
311,1,325.75,1
22,2,511.35,0
57,6,2836.69,0
23,2,475.8,0
77,7,2759.83,0
118,2,645.65,0
35,3,1311.38,0
59,2,1173.1200000000001,0
12,4,1353.74,0
18,1,170.32,0
51,1,125.79,0
25,2,841.2,0
28,1,266.76,0
6,2,52.2,0
10,12,14389.9,0
185,3,710.28,1
2,8,2953.59,0
8,2,725.7,0
261,1,327.25,1
2,4,522.38,0
209,1,519.68,1
107,2,1465.32,0
12,9,1485.54,0
76,3,706.19,0
19,1,255.4,0
26,2,589.7,0
18,6,761.59,0
131,1,765.3199999999999,0
252,1,364.8,1
78,1,1862.0,0
206,1,369.2,1
335,1,135.9,1
253,1,125.65,1
147,2,554.38,1
9,2,1237.8500000000001,0
84,1,655.75,0
7,20,11138.710000000001,0
204,2,468.77000000000004,1
7,4,1366.38,0
22,6,1303.52,0
10,9,1421.29,0
25,1,332.66,0
20,5,2810.63,0
1,2,1025.44,0
157,2,616.15,1
2,7,3501.1,0
73,1,277.8,0
2,4,434.35,0
0,201,143825.06,2
16,2,867.85,0
35,4,1227.43,0
90,2,307.48,0
70,4,1268.98,0
115,2,1610.15,0
212,2,977.77,1
29,2,1316.07,0
50,1,749.1,0
245,1,310.05,1
31,1,223.88,0
108,3,2372.86,0
4,5,1257.68,0
365,1,363.53,1
81,2,1890.94,0
296,1,1784.71,1
33,8,8137.02,0
56,3,1621.88,0
29,12,5900.25,0
13,1,100.9,0
71,2,290.82,0
22,6,1101.97,0
18,1,371.2,0
78,1,311.69,0
59,11,8099.49,0
24,1,289.82,0
11,1,336.17,0
252,1,58.49,1
146,3,499.68,1
63,4,695.42,0
7,2,221.27,0
10,9,7044.68,0
270,1,126.7,1
9,5,1487.8,0
246,1,206.21,1
95,2,599.0,0
14,1,191.32,0
49,1,463.8,0
29,1,147.59,0
67,4,1592.06,0
34,3,1116.57,0
127,1,114.77,0
106,3,1314.45,0
36,1,114.39,0
56,1,279.94,0
56,7,790.86,0
71,5,1931.42,0
245,1,102.12,1
18,2,213.27,0
197,2,296.75,1
15,2,326.4,0
211,1,334.54,1
38,2,233.23000000000002,0
45,3,546.1999999999999,0
169,2,429.87,1
47,1,490.52,0
115,4,1641.76,0
146,1,1246.32,1
15,28,6316.57,0
50,1,502.09,0
158,1,156.91,1
11,3,1261.78,0
35,1,308.94,0
53,2,423.04,0
42,2,260.17,0
172,1,170.04,1
33,1,125.58,0
38,3,496.21,0
266,1,266.0,1
8,9,1914.82,0
11,4,905.04,0
2,11,6802.76,0
9,10,1661.33,0
32,1,377.01,0
79,3,469.0,0
30,4,1066.15,0
7,4,627.13,0
71,2,518.28,0
3,4,668.14,0
255,3,4959.1,1
4,10,2586.67,0
15,8,4308.61,0
89,1,252.73000000000002,0
71,3,465.55,0
58,6,705.49,0
9,47,19914.44,0
169,1,180.35,1
198,1,135.93,1
30,1,537.0,0
18,17,7700.2300000000005,0
151,2,735.66,1
8,15,5213.7699999999995,0
269,1,343.62,1
64,4,384.05,0
273,1,121.17000000000002,1
24,3,1782.09,0
22,3,1391.61,0
318,1,215.78,1
4,3,697.79,0
11,2,302.1,0
274,2,1489.5,1
24,11,2124.99,0
40,9,1337.72,0
7,4,303.09000000000003,0
3,48,54534.14,0
70,4,987.86,0
212,1,370.79999999999995,1
37,4,3158.13,0
52,1,893.59,0
77,3,1744.76,0
45,2,553.36,0
178,1,1109.53,1
372,1,106.2,1
93,2,982.07,0
9,3,1043.41,0
104,1,748.87,0
77,1,773.03,0
172,1,880.85,1
6,32,9743.11,0
212,4,895.61,1
21,5,504.8,0
256,1,88.2,1
281,1,306.94,1
20,2,1160.07,0
9,6,2420.84,0
307,1,381.32,1
67,1,480.71,0
214,2,457.81,1
17,6,4597.02,0
103,4,1370.6000000000001,0
42,1,219.39000000000001,0
3,1,248.08,0
181,3,39916.5,1
83,1,410.48,0
333,3,876.0,1
8,2,317.53000000000003,0
30,2,703.36,0
196,2,1027.44,1
17,7,2298.93,0
17,5,1422.52,0
310,6,319.5,1
141,4,1300.25,0
245,1,484.95,1
23,4,996.1,0
28,3,1567.48,0
9,3,3609.33,0
29,10,2760.56,0
17,1,340.11,0
17,4,1352.75,0
14,5,1551.78,0
133,1,244.8,0
245,1,266.4,1
133,1,358.82,0
49,2,457.72,0
113,3,1633.78,0
6,2,2199.31,0
22,2,184.19,0
24,15,11528.48,0
65,1,406.53000000000003,0
59,4,1471.0,0
49,11,3447.4,0
169,1,330.11,1
17,5,977.9300000000001,0
127,3,982.42,0
14,8,1387.99,0
238,1,139.05,1
2,4,1286.7,0
239,2,178.96,1
51,7,2354.25,0
45,1,498.74,0
225,1,259.45,1
7,17,6580.4400000000005,0
3,4,1194.73,0
164,2,1327.16,1
239,1,623.5,1
10,1,301.29,0
133,1,520.8000000000001,0
16,10,5314.47,0
9,13,4745.69,0
30,1,329.25,0
74,1,296.42,0
0,3,961.49,0
3,3,1936.07,0
44,1,401.40000000000003,0
1,30,18641.010000000002,0
356,1,158.16,1
17,2,304.47,0
68,3,843.05,0
372,1,487.75,1
320,1,163.0,1
25,1,106.56,0
330,1,1289.5,1
8,5,1624.05,0
322,1,135.75,1
71,1,224.14,0
259,1,40.5,1
17,5,2206.9500000000003,0
366,1,87.5,1
65,3,689.48,0
153,2,622.85,1
28,2,406.76,0
69,1,310.62,0
13,2,411.41,0
1,16,4777.18,0
0,41,16225.39,0
119,3,1044.32,0
60,1,499.32,0
2,15,7616.53,0
2,1,3861.0,0
10,3,1079.61,0
91,2,193.64,0
58,4,1268.7,0
86,5,1236.54,0
25,6,1827.8,0
356,1,316.58,1
84,2,653.24,0
9,4,420.3,0
0,5,870.12,0
224,1,331.18,1
59,2,894.4100000000001,0
240,1,101.8,1
318,2,328.35,1
1,8,1661.44,0
46,3,734.94,0
87,1,96.6,0
10,11,5756.89,0
175,1,305.75,1
51,6,1778.96,0
365,1,403.25,1
318,1,585.0,1
225,2,755.75,1
357,2,322.08,1
233,1,409.40000000000003,1
310,1,154.41,1
36,5,1219.4,0
65,4,3386.71,0
238,2,429.6,1
112,2,612.06,0
276,1,197.0,1
217,12,2247.51,1
298,1,321.05,1
1,4,1412.32,0
28,3,1071.99,0
9,2,780.59,0
44,5,1706.57,0
66,8,1756.44,0
73,1,316.68,0
64,2,631.57,0
133,3,2515.84,0
237,2,514.15,1
121,1,356.0,0
31,13,6688.46,0
8,11,10484.99,0
35,2,740.78,0
15,5,918.2,0
126,1,300.36,0
66,1,890.85,0
148,1,98.45,1
282,1,317.15,1
168,2,623.16,1
99,7,1810.77,0
134,1,254.82,0
323,1,178.95000000000002,1
106,1,156.51,0
63,1,393.74,0
150,2,1506.1200000000001,1
337,1,119.3,1
21,5,1717.36,0
23,1,408.8,0
15,7,2379.49,0
6,15,2507.07,0
56,2,721.94,0
3,2,716.57,0
37,1,615.14,0
65,1,135.31,0
46,1,255.89999999999998,0
354,1,290.51,1
171,1,113.12,1
58,9,2332.15,0
49,1,240.55,0
21,2,486.69,0
42,5,2306.52,0
28,3,939.78,0
4,18,7943.22,0
25,15,4668.3,0
200,1,180.94,1
50,6,3672.86,0
9,3,641.94,0
1,12,4799.9,0
66,7,4507.01,0
63,1,496.44,0
50,12,5070.35,0
289,1,574.02,1
60,8,694.4,0
63,3,1174.3500000000001,0
95,1,205.3,0
273,1,310.47,1
0,91,60767.9,2
74,4,924.85,0
109,1,52.0,0
198,1,327.97,1
63,2,570.5,0
326,1,165.0,1
3,1,312.62,0
283,1,204.5,1
43,1,267.13,0
70,3,2748.31,0
85,1,679.68,0
103,1,162.29,0
333,1,311.71,1
52,1,208.75,0
38,3,1049.7,0
31,2,714.9599999999999,0
365,4,1661.06,1
207,1,1028.56,1
156,3,351.67,1
53,1,173.97,0
65,2,574.07,0
80,1,2020.52,0
129,1,406.09000000000003,0
86,1,364.5,0
0,3,563.94,0
45,1,393.54,0
332,1,252.42000000000002,1
365,1,201.60000000000002,1
71,1,158.04,0
157,2,473.81,1
372,1,115.65,1
11,7,1960.11,0
254,2,777.02,1
28,2,277.05,0
30,10,2766.5,0
4,22,8347.2,0
39,1,427.93,0
361,1,418.92,1
372,1,326.0,1
95,2,913.19,0
25,7,2314.32,0
74,2,602.51,0
56,4,1877.5900000000001,0
20,1,446.94000000000005,0
40,7,2386.05,0
136,1,2007.4,0
7,12,2415.91,0
128,1,168.0,0
39,3,1233.3600000000001,0
168,7,3703.29,1
8,5,1690.26,0
213,2,596.85,1
14,6,5955.71,0
169,2,642.41,1
39,1,316.88,0
185,1,394.14,1
269,1,140.54,1
171,1,500.0,1
4,4,1535.53,0
15,2,231.86,0
9,4,2183.54,0
325,1,107.45,1
112,1,288.18,0
289,1,94.0,1
15,2,1345.53,0
0,3,815.77,0
91,5,716.2,0
148,2,626.77,1
188,1,349.1,1
30,2,510.71000000000004,0
33,4,1056.44,0
263,1,267.18,1
83,8,3450.84,0
25,4,1358.88,0
170,1,190.53,1
9,3,774.9000000000001,0
312,1,572.8100000000001,1
64,4,3984.32,0
84,1,508.8,0
24,1,135.86,0
58,4,950.36,0
322,2,97.7,1
37,1,43.5,0
253,2,383.34,1
18,5,1447.39,0
32,3,1483.14,0
14,1,93.78,0
26,2,397.35,0
22,1,171.19000000000003,0
213,2,533.3,1
7,5,1041.48,0
21,1,149.29,0
11,3,1122.53,0
261,1,200.16,1
130,1,156.57999999999998,0
54,3,383.68,0
248,1,594.0,1
1,7,3236.91,0
8,2,1418.26,0
263,1,113.5,1
330,1,155.17000000000002,1
312,1,494.64,1
25,3,974.52,0
29,1,429.84,0
29,3,538.73,0
1,7,1388.37,0
361,1,179.1,1
282,3,447.22,1
261,1,237.07,1
24,1,161.64,0
353,1,216.76,1
93,3,234.6,0
28,1,126.14,0
337,1,1048.85,1
19,18,7354.62,0
84,1,334.53,0
8,3,524.88,0
50,2,467.51,0
49,2,538.55,0
1,1,469.48,0
112,1,371.56,0
13,7,1771.2,0
76,1,454.11,0
39,2,1441.42,0
115,1,905.5,0
15,12,11054.96,0
160,4,233.81,1
0,4,3594.31,0
29,3,2575.0,0
92,1,91.32000000000001,0
22,3,1134.28,0
94,6,3100.09,0
27,2,659.46,0
32,5,2001.8,0
20,2,1299.23,0
17,2,1262.2,0
2,27,13316.4,0
7,4,1131.56,0
15,12,10384.93,0
362,1,147.09,1
80,1,52.83,0
52,5,3610.96,0
22,3,979.26,0
171,1,492.36,1
188,6,1000.27,1
330,1,250.0,1
11,5,909.23,0
155,2,121.0,1
32,19,14758.22,0
11,11,4139.46,0
44,3,62.43,0
232,1,267.03,1
63,8,1942.45,0
1,1,343.5,0
39,8,3000.2,0
32,2,398.84,0
83,1,412.01000000000005,0
24,1,440.0,0
1,3,825.92,0
32,2,148.44,0
18,8,2429.78,0
253,1,229.33,1
22,11,3995.23,0
21,4,1502.3500000000001,0
7,2,2007.44,0
24,4,1580.93,0
18,3,807.57,0
172,4,536.4,1
162,1,110.92,1
6,1,538.46,0
10,1,213.3,0
113,1,85.13000000000001,0
287,1,127.86,1
8,9,3546.71,0
53,2,292.71999999999997,0
6,14,4954.84,0
76,3,1693.26,0
3,4,575.63,0
36,1,436.06,0
216,1,90.12,1
59,1,437.23,0
277,1,217.2,1
11,16,4805.17,0
23,1,279.77,0
28,1,473.65000000000003,0
11,4,800.5899999999999,0
351,1,134.55,1
21,4,1400.44,0
49,2,173.16000000000003,0
18,1,186.01,0
2,3,758.29,0
103,5,1375.71,0
6,12,4165.52,0
11,4,650.4300000000001,0
4,7,2552.86,0
31,2,607.45,0
177,4,702.25,1
37,1,940.67,0
150,3,258.88,1
161,1,127.1,1
68,2,348.6,0
120,13,3679.9700000000003,0
24,3,682.9100000000001,0
23,4,725.11,0
176,1,455.3,1
49,4,913.68,0
255,3,478.53,1
46,1,388.58,0
70,1,199.8,0
15,5,1771.78,0
100,5,1406.59,0
34,1,324.57,0
52,1,240.68,0
26,2,761.74,0
10,14,6776.56,0
7,9,1297.8700000000001,0
78,1,48.480000000000004,0
51,1,216.39000000000001,0
35,5,1198.23,0
60,9,2920.16,0
336,1,104.76,1
27,4,1093.68,0
183,1,298.48,1
51,1,112.46000000000001,0
9,13,1591.45,0
35,2,195.15,0
9,23,10399.74,0
32,4,776.851,0
10,1,336.4,0
56,3,1553.18,0
3,4,1293.03,0
42,9,3709.56,0
140,1,301.03000000000003,1
116,4,588.13,0
103,4,1534.26,0
74,2,675.8,0
4,9,2870.2400000000002,0
44,2,1186.35,0
15,8,3285.31,0
16,1,243.55,0
89,2,724.76,0
52,1,223.36,0
133,1,425.32,0
3,15,12515.66,0
104,4,1887.2,0
191,3,664.0,1
165,4,813.0,1
18,1,612.01,0
157,3,447.64000000000004,1
203,2,657.35,1
335,2,816.0,1
36,3,646.3,0
90,1,337.74,0
92,2,877.44,0
8,2,922.53,0
242,1,560.6700000000001,1
44,4,748.5,0
22,1,30.0,0
189,5,1024.1000000000001,1
43,1,306.45,0
24,9,1600.86,0
316,2,309.8,1
105,1,138.14,0
50,1,386.43,0
167,2,2242.01,1
39,1,301.32000000000005,0
217,1,76.32000000000001,1
39,4,684.34,0
296,1,173.05,1
18,7,2657.13,0
87,4,2881.02,0
72,5,2446.6,0
80,3,323.69,0
18,3,3435.76,0
48,1,657.23,0
52,1,352.7,0
23,4,781.28,0
8,3,1333.68,0
24,5,1426.16,0
116,1,193.75,0
8,9,2993.1,0
119,2,254.1,0
3,2,239.76,0
251,1,136.8,1
27,1,191.04,0
0,14,6479.4,0
266,2,409.98,1
32,8,2736.46,0
17,1,309.65,0
171,2,696.68,1
1,4,1542.14,0
264,1,211.5,1
139,4,2293.62,0
200,1,143.1,1
63,4,1060.56,0
34,4,945.58,0
40,7,3364.2400000000002,0
283,1,133.25,1
8,5,1072.3600000000001,0
142,2,356.7,1
11,2,330.88,0
145,4,1118.81,1
233,1,150.3,1
32,13,5045.61,0
23,1,598.73,0
11,1,507.08000000000004,0
35,5,2222.56,0
364,1,203.10000000000002,1
200,2,218.25,1
14,1,415.25,0
16,7,5178.96,0
212,1,85.0,1
65,3,1120.88,0
211,2,294.12,1
282,1,162.3,1
114,2,1339.45,0
14,8,1205.1200000000001,0
18,16,4812.42,0
65,1,449.12,0
48,1,154.88,0
15,4,784.46,0
77,1,34.8,0
18,4,1094.5900000000001,0
133,1,196.88,0
12,3,974.04,0
39,1,149.31,0
234,3,44534.3,1
2,8,2465.48,0
39,7,2637.38,0
304,1,79.2,1
50,3,458.57,0
9,6,2364.25,0
60,4,532.96,0
65,2,714.42,0
24,1,205.25,0
217,3,253.04000000000002,1
64,2,583.75,0
31,2,1086.92,0
87,6,3279.9700000000003,0
63,1,315.06,0
115,3,621.83,0
6,26,56252.72,0
5,1,635.6800000000001,0
68,1,270.8,0
244,1,104.9,1
132,1,241.62,0
240,4,1047.1100000000001,1
183,3,475.28000000000003,1
24,3,345.46000000000004,0
9,3,2614.74,0
10,1,246.3,0
32,5,2328.9700000000003,0
45,3,4932.2,0
25,3,948.05,0
357,1,351.3,1
9,1,220.85,0
43,2,1612.69,0
14,3,965.61,0
149,1,610.01,1
0,8,2711.56,0
112,4,2207.4,0
75,3,884.14,0
106,2,699.08,0
45,3,1063.95,0
142,1,451.42,1
50,1,415.82000000000005,0
0,13,4206.39,0
22,17,5528.4800000000005,0
45,3,784.58,0
49,3,903.9,0
305,4,3734.9700000000003,1
35,5,515.77,0
78,4,1391.98,0
21,6,2218.62,0
106,5,1801.14,0
207,2,1303.9099999999999,1
16,4,1945.3300000000002,0
63,5,2100.6,0
48,4,1905.45,0
319,1,206.98,1
43,2,570.96,0
2,2,885.47,0
371,1,15.0,1
171,1,532.94,1
55,3,1654.31,0
72,14,1836.09,0
98,2,636.14,0
37,1,576.0,0
57,3,801.76,0
253,1,836.79,1
69,4,2233.75,0
43,4,954.09,0
49,1,137.37,0
64,1,391.98,0
10,19,33643.08,0
32,3,1048.49,0
58,2,355.56,0
72,4,1224.06,0
303,1,118.95,1
45,1,130.73999999999998,0
17,8,3711.77,0
37,2,389.27,0
18,2,238.85,0
186,2,160.71,1
51,1,110.8,0
3,12,2974.65,0
136,5,712.24,0
3,27,16387.57,0
18,1,297.0,0
15,5,1438.85,0
40,8,977.21,0
11,8,3165.36,0
7,4,832.88,0
25,2,68.84,0
21,6,1936.32,0
40,3,895.13,0
100,1,230.53,0
4,15,3812.64,0
276,2,149.64,1
32,1,354.09000000000003,0
14,2,360.93,0
63,7,4405.88,0
1,2,493.28,0
368,1,343.28,1
311,5,501.39,1
198,4,516.36,1
1,2,396.48,0
92,3,379.35,0
59,1,181.09,0
80,1,168.31,0
156,2,446.87,1
226,1,524.52,1
252,2,263.55,1
149,1,179.17,1
193,2,222.05,1
0,5,1388.88,0
368,1,56.25,1
23,1,351.11,0
16,3,363.88,0
9,7,5126.76,0
7,1,164.68,0
19,7,1567.69,0
3,3,967.45,0
173,1,191.94,1
0,8,1232.18,0
177,2,264.62,1
15,8,1528.09,0
247,1,123.1,1
190,2,334.23,1
19,2,639.89,0
153,4,167.5,1
172,1,336.03000000000003,1
372,1,369.5,1
372,1,127.08,1
193,1,207.15,1
66,1,426.63,0
3,8,2495.87,0
20,3,1107.46,0
238,2,416.86,1
63,1,145.35000000000002,0
111,5,404.58000000000004,0
89,15,6115.01,0
310,1,35.8,1
133,1,337.44,0
276,1,325.1,1
364,1,181.0,1
82,1,1708.24,0
7,2,955.24,0
16,2,364.72,0
31,4,1765.51,0
8,2,708.22,0
33,4,806.57,0
14,8,1659.3799999999999,0
23,14,4416.26,0
31,1,428.89,0
73,1,104.35,0
19,2,470.76,0
16,4,845.64,0
22,2,418.83,0
2,3,666.1,0
303,1,314.09999999999997,1
17,12,4199.85,0
366,1,307.82000000000005,1
38,7,3442.15,0
83,1,371.01,0
164,2,430.94,1
16,2,1054.73,0
76,1,1098.78,0
88,3,2398.86,0
24,8,3408.48,0
21,4,1475.02,0
2,10,2837.67,0
122,2,1142.42,0
29,1,168.12,0
11,7,1451.28,0
18,1,158.03,0
43,2,792.11,0
3,1,41.989999999999995,0
8,7,2797.57,0
54,1,427.07,0
87,6,1060.68,0
36,5,3089.97,0
2,3,12393.7,0
29,5,2735.37,0
11,4,615.39,0
210,1,101.4,1
47,4,1701.94,0
23,3,478.78,0
21,4,992.71,0
245,3,407.5,1
7,16,3362.71,0
34,3,1415.29,0
3,47,37130.6,0
37,3,662.38,0
3,3,705.39,0
2,8,1508.76,0
46,1,211.88,0
38,2,408.9,0
46,9,3786.24,0
16,3,851.01,0
259,1,628.28,1
45,3,719.81,0
11,1,251.24,0
29,1,439.65999999999997,0
42,1,236.09,0
91,6,934.62,0
38,63,81024.84,2
309,1,331.24,1
91,2,548.94,0
5,20,8816.4,0
195,3,437.70000000000005,1
86,2,758.9200000000001,0
269,3,855.02,1
7,3,471.78,0
64,3,1313.55,0
30,3,3166.4,0
21,5,1197.27,0
37,4,773.99,0
119,4,1340.7,0
372,2,256.44,1
39,3,1111.79,0
173,1,137.9,1
53,1,362.06,0
32,2,1511.95,0
144,1,783.9,1
220,1,134.8,1
44,1,664.85,0
15,7,2263.12,0
65,6,1459.8600000000001,0
9,4,1153.62,0
259,1,335.32,1
364,1,372.09,1
16,5,1521.87,0
21,2,852.15,0
44,1,326.24,0
287,1,584.3199999999999,1
296,1,122.4,1
2,10,2234.73,0
283,1,79.2,1
16,3,1352.0,0
81,2,217.16,0
55,5,2806.9,0
100,2,1317.62,0
298,1,436.18,1
22,5,981.51,0
58,5,1121.39,0
154,2,315.06,1
114,3,817.86,0
106,1,17.0,0
11,4,1078.23,0
263,1,320.62,1
239,1,185.04999999999998,1
87,7,2005.63,0
49,3,731.9,0
70,1,1290.7,0
41,3,1842.14,0
6,6,1429.64,0
61,1,302.36,0
248,1,336.96,1
65,1,108.38,0
17,7,3204.1600000000003,0
84,1,842.5,0
218,2,611.88,1
44,3,1337.48,0
142,4,195.74,0
182,1,161.38,1
170,1,135.75000000000003,1
9,8,1667.97,0
211,1,612.78,1
189,1,232.21,1
7,2,423.36,0
58,4,1309.14,0
56,2,867.11,0
72,4,684.42,0
51,1,307.78000000000003,0
316,1,249.0,1
366,1,289.35,1
28,4,6287.77,0
38,1,656.25,0
17,5,1880.22,0
51,6,3506.54,0
3,33,14589.04,0
21,2,618.09,0
262,1,517.55,1
59,3,709.38,0
18,3,635.4100000000001,0
65,2,725.1800000000001,0
87,1,620.4,0
249,1,535.34,1
2,6,2424.94,0
246,1,175.2,1
8,11,3799.4900000000002,0
156,3,734.13,1
133,1,375.0,0
295,1,76.32000000000001,1
4,2,280.52,0
42,5,2053.02,0
268,1,1829.04,1
49,5,1824.23,0
8,9,3122.04,0
15,3,656.69,0
281,1,348.2,1
64,2,1025.44,0
1,19,5575.56,0
251,1,37.4,1
231,2,856.6,1
16,3,822.48,0
10,27,3787.6,0
7,4,1822.97,0
50,6,1885.05,0
58,1,73.19999999999999,0
94,5,1140.21,0
15,6,1418.32,0
125,3,1009.55,0
93,4,1037.5900000000001,0
49,1,331.95,0
137,1,197.9,1
60,1,215.83,0
99,8,10254.18,0
72,1,305.54,0
71,4,6617.65,0
66,1,338.71000000000004,0
63,6,1158.79,0
16,2,529.41,0
22,12,4006.94,0
31,15,6911.4400000000005,0
44,4,981.86,0
15,2,215.48,0
39,1,215.08,0
2,13,5180.52,0
236,1,314.45,1
74,1,400.68100000000004,0
3,2,1080.6200000000001,0
2,4,1863.47,0
360,1,365.27,1
58,4,592.9,0
22,1,405.71,0
30,4,761.38,0
54,4,537.0600000000001,0
24,1,394.38,0
44,2,664.26,0
88,5,2262.62,0
1,18,21086.3,0
88,1,547.02,0
18,2,690.34,0
78,1,159.0,0
170,3,1062.75,1
80,1,242.35,0
266,1,914.9300000000001,1
234,2,304.25,1
29,7,3084.68,0
36,3,864.86,0
317,1,846.72,1
56,4,1295.3,0
44,5,1096.32,0
202,3,255.12,1
224,1,314.22,1
86,2,1010.6,0
189,2,542.03,1
43,4,990.88,0
70,3,536.6800000000001,0
40,5,867.3100000000001,0
77,1,432.2,0
56,2,414.2,0
23,2,3718.8,0
9,13,2607.87,0
7,7,3603.21,0
33,2,409.1,0
211,2,1522.75,1
23,3,1413.66,0
169,1,114.56,1
61,1,152.94,0
52,5,1800.07,0
260,2,389.44,1
66,2,3683.86,0
16,8,2619.91,0
266,1,752.4300000000001,1
176,1,46.95,1
44,5,5203.51,0
50,1,1035.45,0
16,4,746.83,0
8,9,5447.0,0
73,7,861.89,0
70,2,667.65,0
352,1,1141.24,1
2,5,1429.24,0
116,1,411.7,0
372,1,357.95,1
196,1,559.87,1
176,1,810.6,1
99,1,566.38,0
20,3,1509.58,0
71,1,2062.06,0
339,1,168.3,1
5,5,1570.81,0
30,2,823.97,0
169,1,142.5,1
121,1,302.25,0
21,10,2248.9900000000002,0
9,4,1328.55,0
268,1,301.9,1
22,3,598.2,0
126,1,233.22,0
25,3,5360.63,0
138,1,361.22,1
213,6,632.27,1
37,4,2560.0,0
105,2,706.57,0
17,2,616.26,0
2,2,274.15000000000003,0
330,1,226.37,1
63,8,2938.91,0
119,3,1341.65,0
34,1,328.15000000000003,0
217,1,404.40000000000003,1
171,2,1038.46,1
71,5,373.65000000000003,0
0,2,326.75,0
195,1,207.50000000000003,1
127,3,428.68,0
46,3,594.24,0
5,14,3110.96,0
13,6,3844.2200000000003,0
17,3,251.91,0
27,7,1593.2,0
7,22,26626.8,0
36,1,151.05,0
156,1,214.8,1
283,1,109.95,1
106,1,549.07,0
24,4,1971.8700000000001,0
74,4,322.41,0
15,2,370.48,0
157,1,101.10000000000001,1
43,1,575.41,0
10,2,887.65,0
31,7,1469.45,0
290,1,53.5,1
20,4,1116.47,0
332,1,153.9,1
17,2,494.44,0
3,23,6675.71,0
62,2,395.8,0
197,3,211.77,1
32,3,658.88,0
0,4,2027.5,0
6,9,1750.92,0
4,6,3512.53,0
9,4,896.66,0
31,5,734.77,0
52,1,109.36000000000001,0
11,2,707.04,0
17,9,1540.42,0
18,1,327.3,0
36,2,804.49,0
1,2,497.43,0
17,3,1553.66,0
81,4,1320.56,0
32,2,367.93,0
65,2,473.03,0
8,2,987.01,0
266,1,676.2,1
246,3,362.95,1
3,4,2157.4,0
60,1,1780.59,0
74,2,668.36,0
89,2,584.5,0
59,3,555.89,0
28,2,317.2,0
322,1,94.36,1
52,4,1382.0700000000002,0
269,1,221.19,1
1,13,3046.21,0
56,5,1555.34,0
60,5,1486.9,0
153,2,1705.8,1
18,2,408.57,0
94,1,303.93,0
0,12,4098.32,0
264,2,299.6,1
311,1,177.5,1
69,1,443.05,0
301,2,167.25,1
18,1,163.07,0
12,10,2126.93,0
35,5,2028.88,0
18,2,214.65,0
53,1,151.83,0
56,1,262.2,0
21,2,126.25,0
43,1,210.35,0
26,3,1051.4,0
44,3,675.27,0
112,6,972.23,0
16,51,34684.4,0
24,1,346.12,0
190,1,133.56,1
301,1,302.7,1
1,10,1908.25,0
262,2,241.06,1
105,1,284.55,0
56,1,300.85,0
212,3,642.81,1
63,1,287.40000000000003,0
27,1,184.26,0
28,7,1522.25,0
5,5,798.35,0
7,5,3640.67,0
66,2,381.2,0
1,3,616.79,0
45,4,654.67,0
33,1,230.51,0
0,2,168472.5,2
135,1,259.01,0
197,1,188.89000000000001,1
197,2,707.69,1
149,1,311.92,1
87,1,266.97,0
44,2,6.9,0
63,7,1841.18,0
98,5,2158.37,0
217,1,208.36,1
2,18,3482.7400000000002,0
27,3,814.72,0
177,1,151.42,1
73,3,136.0,0
20,4,1422.4,0
19,3,1314.68,0
33,7,1603.46,0
73,1,74.9,0
23,4,650.43,0
51,4,762.39,0
274,1,223.95000000000002,1
164,3,316.11,1
6,7,1871.5,0
87,4,544.3,0
63,7,2494.46,0
24,3,331.0,0
9,2,300.83,0
75,1,769.29,0
15,1,220.62,0
191,1,139.35,1
173,2,404.3,1
76,1,363.65,0
32,3,498.8,0
46,1,731.5,0
79,4,1351.63,0
296,1,826.53,1
2,3,684.41,0
8,3,1599.52,0
49,6,2965.69,0
160,2,100.97,1
359,2,365.45,1
4,6,400.86,0
106,4,1431.93,0
24,1,484.38,0
31,1,777.6,0
19,2,90.30000000000001,0
296,1,363.70000000000005,1
371,1,248.1,1
21,3,950.26,0
4,4,874.59,0
51,5,1627.13,0
29,1,101.69999999999999,0
276,1,162.70000000000002,1
60,2,484.32,0
24,2,215.07999999999998,0
185,3,1046.57,1
1,21,9418.470000000001,0
1,26,13027.45,0
171,1,290.36,1
80,1,228.06,0
3,1,244.41,0
189,1,455.25,1
21,7,1244.59,0
17,3,6748.8,0
18,3,1095.56,0
4,1,593.75,0
109,1,548.97,0
2,4,1388.81,0
53,1,119.62,0
164,1,339.3,1
290,2,787.15,1
9,10,4154.64,0
108,5,2298.97,0
95,3,922.12,0
242,2,379.73,1
162,12,5719.82,0
41,3,837.1,0
34,2,285.89,0
66,7,3313.79,0
23,2,281.85,0
0,20,8338.49,0
26,2,841.41,0
5,2,511.12,0
53,1,1077.74,0
363,1,173.7,1
14,5,614.66,0
193,2,865.6,1
2,1,124.2,0
14,10,3738.4,0
26,3,1421.69,0
126,3,1009.6,0
84,2,663.61,0
70,1,451.44,0
182,1,105.84,1
112,1,313.62,0
373,1,233.45,1
79,2,936.08,0
248,1,463.95,1
231,1,225.15,1
70,3,459.24,0
68,1,213.5,0
3,16,4113.68,0
50,3,330.03,0
74,1,181.09,0
60,1,360.16,0
15,2,250.15,0
3,1,90.04,0
285,1,145.05,1
3,6,813.52,0
40,1,244.8,0
35,1,528.08,0
74,2,482.47,0
17,14,3347.71,0
14,7,5493.46,0
218,1,75.66,1
185,1,129.49,1
32,4,1187.66,0
69,1,618.59,0
182,1,506.19,1
14,2,500.42,0
235,1,151.85,1
30,5,2647.59,0
263,1,226.21,1
3,2,178.96,0
51,4,813.48,0
245,1,129.45000000000002,1
80,2,810.57,0
274,1,333.08,1
0,17,4413.1,0
78,1,322.8,0
29,5,2188.05,0
73,2,417.73,0
16,6,2883.1,0
222,2,217.9,1
31,4,1154.47,0
22,10,1680.72,0
30,3,1257.51,0
105,1,231.1,0
4,2,688.33,0
245,1,487.51,1
177,2,833.78,1
169,2,214.06,1
42,1,290.66,0
71,1,518.42,0
58,7,6773.97,0
15,2,1212.66,0
140,4,601.27,0
17,6,3794.52,0
21,15,8625.8,0
9,4,933.62,0
367,1,123.24,1
188,1,39.12,1
15,4,1267.65,0
361,1,135.4,1
18,1,118.98,0
67,2,570.13,0
14,6,306.72,0
23,3,1374.87,0
16,11,4095.9,0
27,3,1692.27,0
1,20,8134.9400000000005,0
54,2,319.61,0
33,4,1592.12,0
2,12,3109.99,0
365,1,129.75,1
42,1,183.7,0
72,6,1770.3400000000001,0
4,5,1028.0,0
3,28,66653.56,0
60,2,324.24,0
46,7,3062.83,0
0,4,1260.8600000000001,0
75,2,422.6,0
71,2,225.58,0
255,2,1276.0,1
68,2,482.01,0
134,4,657.9,0
240,1,112.75,1
226,2,1998.0,1
8,13,5076.55,0
8,13,5398.3,0
0,20,14034.99,0
36,3,531.35,0
45,1,656.63,0
84,5,3029.87,0
18,10,2483.04,0
2,5,1651.03,0
8,11,3645.43,0
18,15,6923.13,0
218,3,1161.53,1
77,1,301.71999999999997,0
266,2,901.2,1
23,6,3858.38,0
368,1,623.75,1
14,7,1790.42,0
25,1,155.24,0
261,1,292.47,1
16,13,4730.81,0
90,2,589.15,0
301,7,781.02,1
25,5,1382.02,0
363,1,272.82,1
45,4,1054.67,0
37,21,7239.92,0
51,3,743.11,0
31,1,603.75,0
51,3,650.51,0
78,5,2300.56,0
52,1,417.6,0
297,1,3.75,1
176,1,323.0,1
46,1,464.9,0
28,7,2238.09,0
10,7,1304.76,0
86,17,7194.3,0
4,18,6697.66,0
37,2,836.0600000000001,0
17,5,1515.9,0
44,5,623.93,0
30,1,1764.72,0
372,1,207.5,1
57,1,223.92000000000002,0
371,1,2002.4,1
113,3,1496.83,0
214,1,239.4,1
318,1,106.83000000000001,1
64,1,369.34000000000003,0
7,3,789.79,0
96,1,316.62,0
19,3,1501.38,0
198,1,611.8499999999999,1
3,13,2799.25,0
293,1,34.0,1
272,2,1145.6,1
30,11,5580.6,0
47,3,478.09000000000003,0
259,1,380.39,1
57,5,770.1,0
32,5,2246.81,0
56,1,171.59,0
67,4,661.52,0
9,11,1695.66,0
59,1,388.28,0
79,2,226.35,0
73,2,245.94,0
1,22,10629.72,0
99,2,425.19,0
371,1,311.25,1
9,13,2279.9,0
19,1,107.6,0
122,2,597.48,0
7,1,80.80000000000001,0
3,6,1545.6200000000001,0
28,7,1721.78,0
281,2,110.38,1
56,1,243.84,0
0,10,1222.71,0
364,1,414.88,1
88,1,305.62,0
10,1,1201.49,0
162,4,1619.73,1
64,1,332.3,0
22,3,536.99,0
173,2,460.59000000000003,1
102,4,801.49,0
142,3,1121.59,1
98,2,288.42,0
22,5,914.69,0
191,1,309.54,1
4,2,547.07,0
360,1,479.35,1
7,10,1692.98,0
13,21,6509.1,0
102,4,417.06,0
2,9,1604.75,0
10,11,3349.57,0
95,1,497.61,0
226,1,358.38,1
15,2,460.64,0
38,2,775.18,0
50,1,341.7,0
92,2,128.5,0
156,1,197.22,1
38,1,325.91,0
183,3,199.15,1
0,4,1106.53,0
227,1,413.46,1
127,2,180.85,0
39,2,251.87,0
30,11,3170.98,0
196,2,588.85,1
8,34,16594.35,0
36,6,1869.82,0
100,3,1264.19,0
42,16,10196.57,0
49,1,214.32,0
42,1,193.44,0
52,1,281.42,0
186,1,124.57,1
333,1,332.41,1
3,3,342.45,0
9,2,144.91,0
23,2,328.40000000000003,0
14,1,35.400000000000006,0
368,1,375.69000000000005,1
144,2,747.81,1
59,2,173.76,0
30,2,502.8,0
140,3,207.74,0
22,4,825.4200000000001,0
21,6,2812.34,0
76,3,680.02,0
4,6,7123.62,0
66,5,2095.53,0
11,6,853.72,0
83,1,13.3,0
30,7,1519.08,0
66,1,432.0,0
66,3,705.12,0
186,2,276.73,1
37,2,429.84,0
14,3,471.51,0
34,1,194.88,0
194,3,1578.67,1
1,5,809.7,0
0,5,525.54,0
366,1,145.93,1
64,1,219.14,0
298,2,289.78,1
25,3,508.81,0
7,6,1281.56,0
16,3,887.11,0
115,1,1706.88,0
28,1,373.24,0
3,16,3754.27,0
4,7,3102.43,0
81,4,579.77,0
28,5,981.65,0
71,1,379.14,0
3,8,1510.06,0
28,11,2575.38,0
289,1,113.44,1
35,1,208.46,0
8,6,621.6800000000001,0
23,2,576.26,0
276,1,391.52,1
49,6,1068.82,0
155,11,2596.45,0
60,1,169.79,0
11,19,7247.61,0
20,3,846.75,0
370,1,230.25,1
115,3,543.05,0
79,17,2847.6,0
3,7,1295.39,0
25,3,380.55,0
4,21,4604.22,0
52,1,161.94,0
0,2,563.23,0
54,2,950.9300000000001,0
25,1,262.68,0
8,4,2736.38,0
51,3,3049.88,0
12,9,1920.59,0
211,3,816.73,1
21,19,4345.5,0
235,1,406.48,1
138,3,435.02,0
3,6,1286.27,0
56,3,1178.56,0
134,3,1277.75,0
108,2,167.61,0
29,1,20.8,0
0,9,2085.08,0
184,4,518.67,1
17,1,308.74,0
238,2,416.64,1
86,1,117.35000000000001,0
38,3,507.05,0
115,1,234.17000000000002,0
186,1,110.55000000000001,1
226,1,201.19,1
7,7,2154.97,0
188,1,319.02,1
3,2,439.43,0
38,3,650.41,0
37,1,357.21,0
266,1,251.51999999999998,1
77,1,344.33,0
3,6,1852.0,0
254,2,1078.96,1
60,1,384.06,0
12,7,1931.25,0
87,2,4481.35,0
16,10,5464.12,0
29,2,1873.2,0
2,7,1625.05,0
4,1,126.12,0
6,6,1133.25,0
218,1,179.0,1
10,5,1614.31,0
29,6,1456.96,0
287,3,702.0,1
149,4,295.0,1
22,2,484.82,0
0,11,3989.57,0
85,3,1493.73,0
45,2,1412.94,0
4,4,781.78,0
50,6,889.9300000000001,0
17,1,195.36,0
29,1,270.9,0
7,3,586.33,0
28,3,1842.56,0
2,20,8694.26,0
40,2,920.1,0
10,4,1272.61,0
30,1,71.0,0
44,3,95.85,0
60,3,357.77,0
184,2,154.83,1
78,6,890.29,0
110,2,716.0,0
63,1,146.87,0
11,2,380.35,0
85,3,1030.14,0
15,3,745.52,0
245,2,433.53000000000003,1
87,1,1267.32,0
29,1,112.4,0
137,1,449.73,1
26,3,1081.57,0
2,5,1044.38,0
31,4,1735.18,0
24,1,948.48,0
112,3,339.44,0
156,1,642.02,1
84,3,1100.9,0
117,3,925.35,0
2,9,5659.9800000000005,0
95,6,3228.84,0
193,1,247.14,1
27,1,413.75,0
130,1,498.48,0
27,5,1356.33,0
81,3,1179.89,0
29,5,3095.04,0
265,1,234.24,1
73,11,5232.2300000000005,0
313,4,538.37,1
20,7,1461.14,0
58,3,859.35,0
11,21,4552.14,0
27,9,2709.7000000000003,0
113,1,312.14,0
27,9,2429.03,0
17,4,1446.09,0
17,4,834.12,0
35,3,841.0799999999999,0
35,2,378.2,0
77,1,118.80000000000001,0
21,2,287.62,0
24,2,290.16,0
32,2,2003.8500000000001,0
108,3,1405.78,0
34,2,2949.75,0
122,5,1566.65,0
6,6,2050.08,0
27,4,1991.01,0
3,7,2043.95,0
2,9,3827.76,0
49,4,1777.78,0
321,1,302.0,1
22,3,1324.16,0
14,4,1022.13,0
1,8,954.42,0
17,2,971.74,0
9,4,1621.73,0
261,1,25.5,1
158,2,665.78,1
32,6,10815.43,0
28,6,885.04,0
164,1,163.29999999999998,1
46,1,248.61,0
5,8,808.62,0
7,3,837.5,0
287,1,116.2,1
317,1,157.02,1
2,2,606.91,0
232,1,307.46,1
118,1,138.32,0
161,1,345.3,1
184,1,298.89,1
49,1,259.35,0
151,5,1004.75,1
334,1,157.09,1
4,5,2463.17,0
15,7,4892.240000000001,0
106,2,425.0,0
15,7,1139.73,0
275,1,380.5,1
15,12,10668.47,0
246,1,465.32,1
238,1,579.0,1
0,2,984.57,0
105,3,749.78,0
22,4,1714.59,0
51,1,124.88,0
194,3,1689.5,1
23,1,213.78,0
74,1,329.34,0
17,2,251.7,0
7,2,319.0,0
31,3,1266.97,0
21,3,1538.88,0
30,6,3518.03,0
28,10,1715.46,0
21,2,293.1,0
32,7,2467.35,0
283,1,158.68,1
38,2,206.34,0
57,2,835.78,0
288,1,224.91,1
78,1,317.76,0
4,8,3766.6,0
217,1,59.9,1
43,4,1443.69,0
201,1,306.13,1
177,3,711.79,1
55,4,796.03,0
56,2,239.92000000000002,0
7,6,3347.31,0
46,2,144.0,0
226,1,203.95,1
10,7,2474.23,0
105,2,384.4,0
58,2,444.74,0
27,7,2095.13,0
35,7,1699.3,0
273,2,262.62,1
29,1,1013.01,0
23,3,692.22,0
53,1,342.63,0
35,6,3563.85,0
174,4,1564.56,1
53,1,384.08,0
52,1,204.24,0
26,8,2317.2200000000003,0
252,1,226.85,1
39,7,2781.23,0
59,6,1069.1200000000001,0
233,1,113.5,1
3,10,1960.72,0
31,1,114.23,0
23,14,3198.25,0
6,2,335.13,0
64,1,354.15,0
309,2,426.79,1
308,1,393.49,1
18,6,939.32,0
15,8,1906.09,0
95,2,318.76,0
263,8,3638.41,1
11,10,3174.32,0
2,2,421.52,0
34,1,190.88,0
182,1,149.89,1
24,2,550.0600000000001,0
12,6,916.13,0
10,2,314.69,0
2,17,3744.65,0
312,1,382.5,1
107,2,1135.04,0
0,26,8676.85,0
52,1,954.9,0
204,1,171.45000000000002,1
14,1,282.19,0
119,1,318.65,0
3,2,384.52,0
362,1,283.28000000000003,1
116,2,353.86,0
17,1,178.26,0
4,2,272.44,0
40,2,298.41,0
106,2,240.0,0
147,2,603.37,1
51,5,1253.3600000000001,0
207,1,63.440000000000005,1
138,2,562.9,0
1,3,310.64,0
126,2,317.62,0
107,4,763.64,0
41,4,2148.63,0
34,1,111.98,0
227,2,1065.3500000000001,1
240,1,246.04000000000002,1
57,1,187.82999999999998,0
129,3,1703.41,0
59,6,1652.58,0
21,1,153.92,0
25,7,1064.11,0
8,7,1419.73,0
31,3,944.41,0
3,2,525.24,0
307,1,550.8000000000001,1
7,9,1875.11,0
28,3,556.95,0
16,1,131.78,0
100,2,498.42,0
11,4,669.11,0
20,1,197.63,0
14,5,1135.63,0
360,1,250.04,1
10,19,8631.31,0
94,1,82.75,0
77,2,1384.85,0
138,3,644.3,0
30,1,2328.84,0
24,8,2527.92,0
1,38,6292.26,0
45,3,2600.34,0
99,3,1200.6200000000001,0
7,2,700.86,0
14,7,921.0699999999999,0
17,4,990.23,0
279,1,96.8,1
13,2,523.11,0
22,2,363.9,0
123,1,175.2,0
85,1,494.25,0
301,2,307.02000000000004,1
150,4,2027.8700000000001,1
16,8,6643.93,0
93,2,243.36,0
29,11,12353.29,0
156,3,781.36,1
354,1,193.64,1
45,1,160.57,0
14,4,537.74,0
3,15,2676.56,0
85,1,228.96,0
14,5,1159.52,0
178,1,110.75,1
7,4,1286.07,0
35,3,587.15,0
128,2,1740.0,0
50,1,1393.06,0
311,1,178.22,1
23,2,388.14,0
302,2,365.85,1
10,1,127.86,0
16,3,585.79,0
48,3,488.2,0
238,2,312.23,1
0,11,4481.18,0
12,8,4801.56,0
237,1,168.4,1
22,8,1912.67,0
72,4,446.18,0
16,3,423.89,0
40,8,1342.68,0
39,4,646.92,0
218,2,495.77,1
198,3,400.1,1
70,2,203.2,0
23,20,4100.92,0
10,1,404.66,0
8,29,20275.61,0
64,1,65.4,0
3,1,199.29,0
18,2,336.4,0
14,1,261.11,0
7,6,2686.42,0
19,2,784.11,0
77,4,1259.56,0
0,34,31833.68,0
163,2,508.8,1
306,2,457.91,1
218,1,203.86999999999998,1
38,8,7330.8,0
21,2,696.41,0
114,3,653.38,0
125,5,2129.96,0
4,13,2633.85,0
35,1,281.62,0
3,15,31906.82,0
0,3,1031.41,0
332,3,2200.42,1
162,1,32.65,1
184,2,771.85,1
15,5,1214.72,0
11,3,778.94,0
2,7,1258.06,0
43,2,778.0,0
79,1,507.84,0
29,7,6893.42,0
41,2,463.46000000000004,0
10,12,4226.57,0
49,3,598.83,0
15,6,1979.37,0
45,2,698.41,0
18,2,759.1700000000001,0
7,6,5037.26,0
71,1,100.8,0
0,28,17256.85,0
127,3,524.9200000000001,0
32,2,265.76,0
312,1,403.3,1
17,2,365.76,0
87,1,303.16,0
1,7,2373.82,0
1,2,216.3,0
253,1,388.45000000000005,1
156,3,186.42000000000002,1
36,6,2248.56,0
219,1,534.24,1
147,3,2940.04,1
176,2,120.89999999999999,1
39,2,541.53,0
1,7,2520.86,0
7,46,194550.79,2
0,7,1721.4,0
17,2,486.72,0
191,4,517.53,1
203,1,131.7,1
364,1,249.86,1
126,5,1737.7,0
14,1,316.5,0
42,2,657.3,0
93,6,622.4300000000001,0
22,3,757.46,0
59,2,675.69,0
15,5,1896.41,0
157,1,289.96000000000004,1
9,2,763.28,0
9,2,137.0,0
15,5,1870.97,0
44,5,1125.07,0
190,3,710.29,1
78,1,194.37,0
77,1,511.82,0
3,4,1255.59,0
64,3,414.04,0
260,1,396.87,1
58,2,376.64,0
0,7,2092.32,0
0,10,3558.87,0
247,1,374.57,1
7,2,497.56,0
358,1,271.05,1
75,1,272.21999999999997,0
289,1,622.88,1
16,3,1138.0,0
220,2,288.6,1
8,4,689.1,0
2,2,558.96,0
205,9,2997.03,1
161,2,1145.8400000000001,1
75,1,302.2,0
261,2,605.58,1
280,1,387.31,1
57,8,6115.14,0
24,1,308.48,0
2,31,91062.38,2
28,10,2924.9900000000002,0
71,1,513.2,0
127,1,208.65,0
30,4,639.02,0
14,5,768.08,0
308,1,153.94,1
16,6,1844.02,0
53,1,546.81,0
29,3,723.21,0
1,5,1070.71,0
10,4,652.74,0
360,1,145.0,1
359,1,422.7,1
4,4,1195.8999999999999,0
53,4,939.37,0
0,8,3628.5,0
0,10,2385.0,0
189,1,296.7,1
53,1,223.36,0
279,1,164.4,1
176,1,76.5,1
29,2,897.62,0
25,1,98.42,0
24,2,578.9,0
269,1,170.75,1
42,3,645.96,0
233,1,103.3,1
23,2,148.86,0
196,3,267.16,1
358,1,306.84,1
59,4,930.41,0
129,1,1487.6,0
0,5,1952.45,0
19,2,483.26,0
205,1,157.9,1
13,3,541.46,0
94,4,854.95,0
18,1,167.62,0
13,7,1122.38,0
23,3,454.01,0
7,2,901.21,0
6,8,4331.48,0
331,1,344.14,1
49,4,1498.51,0
70,4,226.75000000000003,0
28,3,380.6,0
242,1,185.65,1
7,19,3622.68,0
217,1,143.45999999999998,1
4,3,448.90000000000003,0
252,3,215.72,1
0,25,11045.04,0
235,1,175.27,1
6,2,1242.3,0
108,4,1133.07,0
99,3,1240.2,0
59,4,2404.17,0
1,3,1479.22,0
72,7,2225.9700000000003,0
3,5,3927.34,0
84,2,993.1800000000001,0
11,2,388.79,0
22,7,2827.93,0
213,1,2044.3700000000001,1
17,1,161.67000000000002,0
238,1,116.00999999999999,1
1,6,5102.97,0
77,1,394.72,0
216,2,309.36,1
32,2,193.42,0
40,5,1112.22,0
6,15,3984.22,0
52,6,2048.45,0
22,14,4559.150000000001,0
56,1,390.07,0
129,3,329.6,0
173,3,571.1999999999999,1
5,3,971.58,0
311,1,218.52,1
59,1,81.44,0
20,3,1379.9,0
32,1,527.05,0
14,2,843.48,0
17,4,2047.0,0
80,1,75.75,0
5,8,1814.1200000000001,0
169,2,503.6,1
1,3,528.33,0
30,4,1324.84,0
35,9,2361.9700000000003,0
18,1,285.56,0
30,2,547.0600000000001,0
275,1,108.5,1
86,1,621.66,0
119,2,712.29,0
372,1,101.55,1
0,11,2895.64,0
218,3,1008.39,1
64,1,133.06,0
60,4,1797.5,0
137,1,868.49,1
20,1,166.07999999999998,0
11,10,3945.0,0
24,12,4867.72,0
36,4,1207.56,0
276,1,117.55,1
10,7,2638.94,0
72,5,1674.69,0
25,2,595.42,0
16,12,2999.46,0
140,1,196.0,1
25,7,1802.91,0
18,2,604.64,0
3,2,728.16,0
65,5,2055.51,0
0,2,347.75,0
42,7,3406.7200000000003,0
227,1,205.7,1
15,4,1572.71,0
49,2,3178.17,0
1,6,1629.12,0
73,2,551.04,0
0,31,20374.28,0
3,6,1387.68,0
1,30,16363.23,0
263,1,298.11,1
52,2,1992.1100000000001,0
23,1,184.4,0
9,6,2474.33,0
43,1,239.41,0
16,7,3191.53,0
6,7,5739.46,0
29,15,4757.95,0
357,2,290.40000000000003,1
126,4,740.94,0
136,1,200.47,1
141,1,283.12,1
131,2,765.34,0
37,8,2285.71,0
235,1,338.95,1
260,1,154.95,1
16,4,2534.64,0
252,1,417.95,1
29,4,1824.37,0
34,3,798.74,0
168,2,885.19,1
2,9,1823.52,0
3,17,10504.49,0
184,2,152.4,1
187,2,267.08,1
169,1,137.45,1
10,2,385.1,0
44,1,522.91,0
320,1,153.0,1
200,1,326.4,1
22,11,5655.99,0
231,1,139.35,1
37,15,5396.04,0
25,4,1195.94,0
95,4,2424.04,0
126,6,3276.4000000000005,0
70,3,1033.0,0
15,11,3439.08,0
14,1,1060.25,0
3,3,2876.01,0
2,13,5298.4800000000005,0
78,4,1240.11,0
372,1,303.97,1
38,2,692.19,0
53,3,700.63,0
1,19,13110.02,0
8,3,377.44,0
8,2,168.24,0
18,4,1879.05,0
11,7,2791.35,0
112,2,355.11,0
3,6,2322.4,0
239,1,110.25,1
112,1,71.4,0
177,2,674.52,1
4,9,1797.57,0
358,1,80.64,1
0,5,1772.26,0
0,30,5605.29,0
18,8,3456.7,0
16,3,834.99,0
21,2,287.59,0
32,1,712.78,0
262,1,15.0,1
50,2,818.82,0
158,3,371.88,1
14,1,271.2,0
7,3,2273.1800000000003,0
12,10,3997.98,0
198,5,1143.27,1
56,2,245.81,0
10,2,182.77,0
96,4,1225.41,0
254,1,56.4,1
24,3,665.86,0
20,3,658.57,0
158,2,188.02,1
71,2,283.47,0
52,1,131.94,0
84,2,278.74,0
152,4,1865.19,1
73,2,1117.9,0
280,1,225.9,1
26,14,1965.55,0
29,1,106.1,0
24,1,323.04,0
179,2,350.39,1
39,4,697.9,0
21,3,780.43,0
21,10,3055.93,0
36,9,1199.01,0
81,3,1285.04,0
73,1,512.31,0
10,1,546.04,0
15,12,5411.91,0
3,39,7837.7300000000005,0
12,4,732.16,0
13,5,1770.88,0
36,4,36.56,0
3,3,387.68,0
71,7,3704.87,0
50,1,298.4,0
4,5,1995.46,0
22,4,1820.09,0
298,1,889.24,1
1,3,398.7,0
32,1,35.400000000000006,0
49,1,155.37,0
2,3,350.64,0
46,1,110.21000000000001,0
41,8,1593.38,0
26,5,2779.3,0
41,1,338.8,0
1,124,40991.57,2
302,1,205.48,1
106,1,51.559999999999995,0
84,1,2033.1,0
80,9,901.2,0
217,4,605.8000000000001,1
371,34,5391.21,1
11,2,114.34,0
184,2,311.26,1
372,1,208.97,1
1,4,1418.03,0
3,23,26879.04,0
5,12,5155.66,0
304,1,148.21,1
368,1,252.8,1
2,8,2100.8,0
323,1,330.9,1
58,6,3160.0,0
12,3,597.5,0
30,20,10526.32,0
142,1,329.65000000000003,1
29,6,1197.1000000000001,0
106,5,428.18,0
1,12,1894.35,0
204,1,155.9,1
79,5,1859.16,0
184,6,683.46,1
169,1,237.61,1
43,1,379.45,0
173,1,178.52,1
364,1,458.92,1
303,1,133.35,1
2,4,671.77,0
3,4,717.45,0
11,1,190.19,0
31,3,899.61,0
128,1,111.35,0
20,8,726.05,0
211,2,203.87,1
322,2,602.09,1
161,1,203.85999999999999,1
55,3,244.1,0
224,1,112.25,1
71,8,1119.81,0
43,1,98.0,0
22,1,256.32,0
172,3,566.6,1
84,2,152.06,0
158,1,155.8,1
189,2,112.19999999999999,1
28,1,110.38,0
20,1,191.67000000000002,0
70,4,800.24,0
246,1,72.9,1
373,1,243.28,1
8,1,366.23,0
309,5,311.01,1
58,2,411.6,0
3,1,336.43,0
44,3,341.28,0
87,1,1304.04,0
3,17,4204.1,0
63,4,826.52,0
281,1,207.50000000000003,1
11,7,2962.5,0
372,1,244.08,1
132,2,397.29,0
44,2,212.54,0
10,4,843.0,0
35,5,1740.48,0
133,2,408.36,0
28,3,1331.57,0
51,2,704.25,0
137,2,145.79,0
4,1,389.84,0
8,7,4301.22,0
159,1,99.14,1
48,10,4106.4400000000005,0
130,1,304.56,0
7,1,77.50000000000001,0
232,2,149.57999999999998,1
36,1,176.68,0
146,1,358.56000000000006,1
0,45,58510.48,0
71,3,482.2,0
39,3,1008.5400000000001,0
4,12,2332.72,0
198,4,557.3,1
248,1,12.75,1
65,1,111.68,0
116,1,508.46000000000004,0
170,1,73.78,1
20,39,1296.44,0
141,1,102.83,1
31,2,471.7,0
37,14,2622.57,0
37,5,1098.43,0
371,1,123.07,1
373,1,277.35,1
165,2,228.2,1
210,1,582.59,1
241,1,136.04,1
51,1,337.04,0
24,3,740.79,0
14,13,4488.81,0
371,1,353.19,1
28,1,288.14,0
364,1,300.91999999999996,1
35,4,757.71,0
165,3,811.45,1
144,1,152.68,1
21,1,634.95,0
55,1,20.8,0
184,1,198.57,1
11,7,201.12,0
236,3,630.84,1
224,2,93.35,1
121,4,678.49,0
281,1,76.1,1
73,8,1970.67,0
36,2,382.06,0
11,2,417.23,0
361,1,169.47,1
3,2,249.72,0
22,1,444.68,0
69,9,2116.19,0
234,1,257.34,1
256,1,174.8,1
372,1,102.78999999999999,1
154,2,187.29,1
27,1,166.42,0
3,1,120.03,0
31,5,1483.56,0
80,3,523.0,0
107,2,122.14,0
51,1,38.45,0
35,1,668.11,0
152,2,389.78,1
98,1,115.31,0
3,2,230.64999999999998,0
333,1,73.5,1
64,1,97.97,0
21,2,422.88,0
35,3,730.4,0
31,3,405.62,0
153,6,70.02,1
18,2,357.20000000000005,0
11,21,4183.39,0
53,1,165.04999999999998,0
24,3,559.51,0
3,10,2088.6,0
44,1,189.4,0
202,2,172.29000000000002,1
358,1,74.4,1
70,1,300.02,0
6,10,6784.1900000000005,0
287,1,363.65,1
9,1,170.16,0
22,3,306.46,0
21,10,2119.41,0
172,3,720.52,1
132,2,814.0,0
5,14,2392.83,0
74,1,318.0,0
39,1,396.33,0
288,1,101.7,1
25,5,2036.67,0
257,2,453.0,1
185,1,247.44,1
113,12,3877.5200000000004,0
373,1,489.6,1
22,10,2611.75,0
7,11,2633.01,0
216,2,336.13,1
44,4,3651.97,0
18,2,1231.5,0
35,3,343.45,0
25,1,703.37,0
15,1,90.48,0
329,2,689.95,1
273,1,101.34,1
97,2,4055.7200000000003,0
60,1,167.67000000000002,0
1,11,9068.26,0
92,4,2106.52,0
81,7,3017.3,0
312,2,580.05,1
11,3,911.15,0
7,6,2697.8,0
126,1,168.31,0
10,2,223.65,0
0,60,259657.3,2
36,1,754.64,0
37,1,113.48000000000002,0
329,1,430.7,1
253,1,271.0,1
1,26,8052.97,0
19,1,236.3,0
11,2,352.69,0
368,1,76.32000000000001,1
289,1,220.1,1
67,8,1418.03,0
25,1,320.71999999999997,0
10,26,5653.82,0
367,1,181.12,1
213,1,111.15,1
148,2,673.1,1
7,6,1826.21,0
23,2,589.4399999999999,0
29,4,1142.99,0
60,1,206.83,0
18,3,348.73,0
242,1,112.55000000000001,1
14,3,1059.39,0
211,1,931.5,1
28,5,681.91,0
62,3,784.33,0
294,1,152.65,1
17,6,8438.34,0
156,2,1019.52,1
116,2,1000.16,0
7,12,2888.75,0
12,4,2861.55,0
140,2,160.35,1
45,2,179.34,0
50,3,612.0799999999999,0
31,3,566.58,0
134,2,653.35,0
2,2,399.19,0
74,3,371.62,0
12,2,734.94,0
8,2,453.4,0
300,1,530.15,1
56,2,638.0600000000001,0
14,5,1618.69,0
36,1,399.65,0
176,1,302.46,1
22,3,1384.8600000000001,0
175,6,1169.94,1
60,1,202.65,0
32,3,980.3100000000001,0
58,5,1231.31,0
14,20,7561.68,0
86,4,2106.84,0
6,1,104.0,0
357,1,476.35,1
30,6,1341.42,0
128,4,1590.81,0
8,6,1793.17,0
4,6,1843.75,0
23,1,382.8,0
226,2,632.07,1
14,1,49.8,0
248,1,304.25,1
14,3,2001.04,0
77,2,1090.24,0
191,2,284.46000000000004,1
261,1,207.8,1
71,1,957.97,0
164,1,243.76,1
81,1,973.84,0
94,2,689.13,0
3,17,5425.56,0
105,1,163.8,0
199,3,1396.99,1
156,1,160.42000000000002,1
70,3,1993.7,0
35,2,517.36,0
28,1,139.10000000000002,0
1,6,2621.38,0
25,5,600.07,0
325,1,248.42,1
236,1,232.48000000000002,1
88,1,299.34000000000003,0
30,1,481.75,0
28,2,621.75,0
210,2,662.08,1
2,10,2069.77,0
226,1,305.28,1
21,5,1041.61,0
92,1,443.0,0
4,14,6484.54,0
263,1,158.95000000000002,1
2,12,5509.12,0
43,11,5228.05,0
217,1,93.75,1
56,2,779.9,0
11,20,7276.9,0
8,7,2810.2000000000003,0
191,5,2083.27,1
81,4,592.97,0
325,1,440.0,1
71,3,1796.48,0
29,6,882.24,0
2,5,987.1,0
218,5,1561.6100000000001,1
45,1,422.58,0
9,17,2073.09,0
71,4,2232.4900000000002,0
6,7,2567.06,0
23,2,596.1,0
122,2,804.02,0
16,1,95.34,0
309,1,349.27,1
86,1,4314.72,0
50,2,526.67,0
88,1,103.30000000000001,0
38,8,2337.63,0
24,3,2338.6,0
172,6,2643.2000000000003,1
42,2,324.24,0
139,1,149.48,1
25,3,1213.16,0
71,2,801.51,0
133,1,25.5,0
365,1,168.60000000000002,1
37,2,283.15000000000003,0
2,6,3078.58,0
1,3,204.0,0
29,1,175.92,0
43,1,335.86,0
57,1,110.38,0
73,1,173.9,0
277,1,180.60000000000002,1
180,1,80.82,1
7,2,178.05,0
3,16,2094.88,0
42,3,1837.28,0
